-57.83612	-34.46979	21714	Colonia del Sacramento
-56.90100	-33.54400	21093	Trinidad
-58.30400	-33.13900	23279	Fray Bentos
-56.28400	-34.53800	19698	Canelones
-56.21500	-34.09900	32234	Florida
0.78900	9.26100	61845	Bassar
0.98500	8.55700	21054	Sotouboua
10.41670	33.40000	61705	Medenine
8.97100	33.69000	19875	Kebili
10.46670	33.00000	62577	Tataouine
10.20000	36.86667	97687	L'Ariana
8.75000	36.50000	51408	Jendouba
8.71670	35.21670	76243	Kasserine
9.50000	35.01670	42098	Sdid Bouzid
9.38330	36.08330	26960	Siliana
11.04088	35.48391	45977	Mahdia
10.76730	35.73070	71546	Monastir
10.14700	36.40000	16911	Zaghouan
106.14700	11.32300	126370	Tây Ninh
103.34301	21.74000	7335	Luan Chau
105.83333	22.13333	29227	Bắc Kạn
106.75700	21.84600	148000	Lạng Sơn
103.91000	21.32800	19054	Sơn La
105.21100	21.81800	36430	Tuyên Quang
104.87500	21.70500	96540	Yên Bái
106.33101	20.94200	58030	Hai Duong
106.33303	20.45030	210000	Thái Bình
109.31600	13.08200	69596	Tuy Hòa
106.65274	10.96907	244277	Thu Dau Mot
107.13330	16.85000	17662	Đông Hà
105.63600	10.46700	149837	Cao Lãnh
106.37500	10.23500	59442	Truc Giang
106.33400	9.93400	131360	Tra Vinh
105.96400	10.25600	103314	Vĩnh Long
106.26801	22.66400	41112	Cao Bằng
-87.12850	15.12983	15774	Yoro
-88.16670	14.33300	5318	La Esperanza
-87.68400	14.32000	17555	La Paz
-88.23600	14.91900	15119	Santa Bárbara
-88.58330	14.58330	7909	Gracias
-89.18200	14.43700	8780	Nueva Ocotepeque
-86.85100	13.94400	2371	Yuscarán
-74.11843	18.63394	30917	Jérémie
-72.82949	19.93176	34657	Port-De-Paix
-72.00400	19.14300	18590	Hinche
-71.84484	19.66557	11465	Fort-Liberté
-72.53700	18.23500	33563	Jacmel
27.22600	41.74300	58223	Kırklareli
29.98300	40.15000	40285	Bilecik
30.40000	40.76666	286787	Sakarya
33.78300	41.38900	70402	Kastamonu
30.28334	37.71666	66158	Burdur
34.17100	39.14200	94336	Kırşehir
34.72400	38.62400	75527	Nevşehir
36.11668	36.23333	154803	Antakya
38.39001	40.91300	98864	Giresun
35.15300	42.02300	34834	Sinop
36.56300	40.30600	129702	Tokat
41.81800	41.18300	32272	Artvin
40.49800	38.88500	80568	Bingöl
42.12300	38.39400	62811	Bitlis
32.22500	-0.30889	5200	Kalangala
33.62100	40.60700	71379	Çankırı
34.69400	37.97600	91039	Niğde
34.81500	39.81800	87881	Yozgat
39.48400	40.46400	32250	Gümüşhane
41.93300	37.94400	114034	Siirt
39.53330	39.11670	29062	Tunceli
33.93611	1.46083	13000	Kumi
33.15944	1.73889	3400	Kaberamaido
32.88861	0.70250	21704	Kayunga
33.46861	0.60917	45024	Iganga
33.11972	0.94722	12764	Kamuli
33.70944	1.14500	30745	Pallisa
32.31361	0.22500	11082	Mpigi
31.80972	3.36139	34700	Adjumani
31.10250	2.47583	30354	Nebbi
31.77417	0.91611	14512	Kiboga
32.45639	1.30889	6921	Nakasongola
32.53330	0.58330	75000	Bombo
31.71500	1.67444	31486	Masindi
30.27500	0.67100	42670	Fort Portal
31.06667	0.80000	5200	Kibale
34.30000	1.25000	14100	Sironko
34.07583	0.45444	47100	Busia
33.96611	1.89111	8400	Katakwi
17.91100	47.09100	62023	Veszprém
16.84000	46.84400	61898	Zalaegerszeg
18.43300	47.55000	70541	Tatabánya
18.71300	46.34400	34174	Szekszárd
19.82600	48.10500	39640	Salgótarján
21.10101	46.67200	65206	Békéscsaba
20.38300	47.89500	56647	Eger
30.26417	-0.87944	16400	Ntungamo
29.69833	-1.35389	12900	Kisoro
29.56670	-2.48330	15000	Gikongoro
29.35000	-2.05000	48024	Kibuye
30.53330	-2.16670	46240	Kibungo
23.27400	45.04500	97179	Târgu Jiu
24.37100	44.43500	78988	Slatina
25.32989	43.97437	49346	Alexandria
25.45900	44.93800	88435	Târgoviște
25.96633	43.90181	69067	Giurgiu
27.38200	44.57000	52693	Slobozia
36.10500	32.62500	146481	Dar'a
7.34500	47.37000	11315	Delémont
6.92300	46.99900	31270	Neuchâtel
8.03400	47.39000	15501	Aarau
8.38330	46.95000	7475	Stans
7.35400	46.23900	28045	Sion
9.28330	47.38330	15438	Herisau
9.36200	47.42300	70572	Saint Gallen
9.02000	46.19700	16572	Bellinzona
9.06670	47.05000	5681	Glarus
8.63300	47.70600	33863	Schaffhausen
8.64800	47.02000	14177	Schwyz
8.90489	47.55262	21979	Frauenfeld
8.63800	46.87900	8678	Altdorf
8.48700	47.17900	23435	Zug
15.64701	60.61300	36477	Falun
16.99608	58.75199	27582	Nyköping
17.93400	62.63400	17016	Härnösand
15.59075	56.16278	35212	Karlskrona
23.58000	46.07700	66085	Alba Lulia
24.51300	47.13800	81318	Bistrița
22.91667	45.88332	67802	Deva
23.06301	47.17500	63232	Zalău
22.88500	47.79200	112490	Satu Mare
24.38300	45.11000	107558	Rimnicu Vilcea
25.79300	45.86800	60677	Sfintu-Gheorghe
25.52400	46.36100	42029	Miercurea Cuic
26.38300	46.94000	102688	Piatra-Neamt
27.96900	45.29200	213569	Brăila
27.73334	46.63333	69225	Vaslui
82.18330	28.35000	15000	Salyan
97.96900	19.30100	9109	Mae Hong Son
98.53400	8.45100	9676	Phangnga
98.63800	9.96200	24561	Ranong
98.91200	8.05200	31219	Krabi
100.08100	7.61500	43522	Phatthalung
100.06670	6.61670	34544	Satun
99.00705	18.57399	14030	Lamphun
99.52900	16.47300	58787	Kamphaeng Phet
100.34900	16.43900	35760	Phichit
101.15900	16.41900	50656	Phetchabun
100.12900	14.47100	53399	Supham Buri
100.45000	14.58330	13738	Ang Thong
100.12600	15.17900	15469	Chainat
101.21600	14.20000	21309	Nakhon Nayok
100.40100	14.88700	20046	Sing Buri
100.06400	13.81800	117927	Nakhon Pathom
99.80000	11.80300	33521	Prachuap Khiri Khan
100.27401	13.53600	63498	Samut Sakhon
100.00100	13.41300	35065	Samut Songkhram
104.15100	15.78800	21643	Yasothon
101.07600	13.67900	49741	Chachoengsao
102.50900	12.23700	21590	Trat
103.50900	16.42800	55102	Kalasin
103.29801	16.18400	51584	Maha Sarakham
103.65500	16.05100	39328	Roi Et
101.25000	6.86400	150000	Pattani
31.24700	-25.96100	5750	Piggs Peak
31.95200	-26.45500	6152	Siteki
31.38800	-26.49500	110537	Manzini
31.31014	-26.96082	2748	Hlatikulu
-86.58300	13.47600	20316	Somoto
-86.47300	13.63000	33928	Ocotal
-8.65100	40.64100	54162	Aveiro
-8.80500	39.73900	45112	Leiria
-8.84414	41.69624	15555	Viana Do Castelo
-6.33800	38.91200	52423	Mérida
-7.86300	38.01400	35854	Beja
-7.90600	38.56000	55620	Évora
-7.42300	39.29000	15581	Portalegre
-8.68200	39.23100	29385	Santarém
-6.75500	41.80800	34375	Bragança
-7.48800	39.81100	33479	Castelo Branco
-7.26200	40.54100	32111	Guarda
-7.91000	40.65700	26364	Viseu
-7.73700	41.29400	17001	Vila Real
-16.41600	14.34400	24243	Fatick
37.33330	31.33330	10000	An Nabk
6.55000	53.00000	62237	Assen
5.92300	51.98800	141674	Arnhem
5.67700	50.85300	122378	Maastricht
6.09700	52.52400	111805	Zwolle
3.61000	51.50200	46485	Middelburg
5.31666	51.68334	134520	's-Hertogenbosch
8.76600	58.46476	30916	Arendal
6.44100	60.63000	5571	Vossavangen
6.85000	61.18330	1965	Leikanger
11.34724	59.91349	113659	Bærum
11.06900	60.82000	29479	Hamar
10.42100	59.26400	38914	Tønsberg
83.58330	28.26670	23296	Baglung
82.21670	29.25000	9073	Jumla
83.38330	27.53330	63367	Bhairawa
80.60000	29.30000	19014	Dandeldhura
80.59300	28.69500	92294	Dhangarhi
86.08700	27.32600	15000	Ramechhap
85.13000	27.55100	15000	Bhimphedi
86.73330	26.53330	33061	Rajbiraj
87.92601	26.90800	17491	Ilam
143.71800	-5.49000	3958	Wabag
141.30400	-2.69000	11204	Vanimo
144.96001	-6.02300	9383	Kundiawa
145.83800	-7.92700	5646	Kerema
155.56599	-6.22800	40266	Arawa
147.28000	-2.03200	5806	Lorengau
150.14301	-5.55000	18847	Kimbe
29.16083	47.26306	23254	Dubăsari
28.70200	-30.11727	25573	Qacha's Nek
43.86670	4.18330	1639	Hudur
42.22700	3.32700	12652	Garbahaarey
42.58330	1.08330	1490	Bu'aale
46.38217	5.53198	447	Dhuusa Mareeb
81.23300	8.56900	108420	Trincomalee
79.82600	8.03300	45661	Puttalan
80.38600	6.69300	47832	Ratnapura
7.48600	5.53200	264662	Umuahia
7.91615	5.03601	554906	Uyo
7.02600	5.49300	215038	Owerri
125.76201	38.50700	154942	Sariwon
125.46400	39.48800	19463	Sin-Ni
106.20000	50.25000	24235	Suchboatar
106.94700	47.71100	17738	Dzuunmod
15.95100	-21.43600	11547	Omaruru
15.85300	-21.93900	6898	Karibib
17.34200	-19.64000	4562	Otavi
18.96300	-22.45500	16321	Gobabis
39.72580	-5.06346	26450	Wete
38.91670	-6.76670	23651	Kibaha
39.26000	-5.87900	2572	Mkokotoni
7.15000	46.80000	32827	Fribourg
7.73700	47.48300	12832	Liestal
7.53700	47.21200	14853	Solothurn
8.24300	46.89900	9410	Sarnen
13.82800	58.70500	14891	Mariestad
12.33000	58.36300	21835	Vannersborg
9.41670	47.33330	5649	Appenzell
-8.18333	53.63333	4860	Ros Comain
-16.16500	12.26900	10490	Cacheu
-15.22700	12.49300	6792	Farim
-15.19500	11.77300	1311	Fulacunda
-14.23400	12.28000	14430	Gabú
-15.25425	11.27304	9898	Catió
-8.23160	4.67410	2733	Barclayville
-9.75000	8.41670	26594	Voinjama
-10.60000	6.43330	4089	Bensonville
-10.34900	6.52600	33945	Kakata
-8.68500	7.37100	11415	Sanniquellie
-9.57800	5.46500	2578	Rivercess
15.79900	40.64200	69060	Potenza
14.65600	41.56300	50762	Campobasso
36.23330	32.28330	57118	Al Mafraq
35.60001	30.83333	25429	At Tafilah
35.73600	30.19200	50350	Ma'an
7.31500	45.73700	34062	Aosta
6.16670	49.88330	6242	Diekirch
6.42560	49.67975	3958	Grevenmacher
100.19000	6.43300	63869	Kangar
102.04200	4.18400	15448	Kuala Lipis
101.55000	3.06670	481654	Shah Alam
36.95100	-0.41700	51084	Nyeri
27.75300	-29.15300	5115	Teyateyaneng
27.48000	-30.15900	24992	Mohales Hoek
27.71600	-30.41100	24130	Moyeni
28.05600	-28.87800	47675	Hlotse
28.25000	-28.75000	16330	Butha-Buthe
29.07800	-29.29100	8809	Mokhotlong
-89.84500	13.91900	34102	Ahuachapán
-88.93330	13.71670	48411	Cojutepeque
-89.29000	13.67400	124694	Nueva San Salvador
-88.86800	13.50800	39613	Zacatecoluca
-87.83900	13.33200	26807	La Unión
-88.10000	13.70000	16152	San Francisco Gotera
-88.78500	13.64100	37326	San Vicente
-88.43200	13.34600	51910	Usulután
-88.90674	14.00953	29271	Chalatenango
-78.17900	18.44300	6289	Lucea
-77.50000	18.03300	47115	Mandeville
-77.85200	18.03100	4229	Black River
-77.65605	18.47958	7779	Falmouth
-77.94800	18.16400	30000	Savanna-la-Mar
-76.38000	18.15900	14400	Port Antonio
-77.19952	18.43264	13671	Saint Ann's Bay
-76.90000	18.37700	7906	Port Maria
-76.80000	18.03330	96494	Half Way Tree
-76.32900	17.89100	11536	Port Morant
-71.34499	19.50500	16380	Sabaneta
-71.07500	19.55200	48297	Mao
-70.15200	19.05900	41641	Cotuí
10.56670	1.45000	8462	Evinayong
8.55000	3.45000	8655	Luba
15.90583	43.72722	37112	Šibenik
31.00695	30.55448	182900	Shibin el Kom
31.18334	30.46666	167029	Benha
31.51666	30.58333	285097	Zagazig
30.93600	31.10900	143970	Kafr el Sheikh
42.37200	11.10400	12043	Dikhil
42.90000	11.78330	22193	Tadjoura
23.54139	58.94306	11805	Haapsalu
48.00000	29.33334	164212	Hawalli
28.52800	-0.75700	1192	Buluko
33.60000	-11.90000	19308	Mzimba
35.30166	-15.17619	1418	Machinga
34.33333	-14.36667	15608	Dedza
32.90000	-13.80000	18305	Mchinji
34.63333	-14.81667	10445	Ntcheu
35.18333	-15.70000	1580	Chiradzulu
35.26667	-16.91667	21774	Nsanje
34.51667	-15.61667	11379	Mwanza
35.50000	-16.03333	16483	Mulanje
-90.31400	15.10300	40000	Salamá
-91.67701	14.53710	36656	Retalhuleu
-91.80000	14.96600	25088	San Marcos
-90.82000	14.66200	82370	Chimaltenango
-90.73330	14.56670	39368	Antigua Guatemala
-91.18300	14.77300	45373	Sololá
-91.35800	14.91400	69734	Totonicapán
-90.01621	14.92229	147197	El Progreso
-90.29800	14.27900	16484	Cuilapa
-89.54400	14.79700	41521	Chiquimula
-89.98900	14.63300	45834	Jalapa
-89.52900	14.97200	36088	Zacapa
-70.69025	19.79022	119897	Puerto Plata
-71.70500	19.54800	16398	Dajabón
-70.52300	19.39700	61834	Moca
-70.41670	19.38300	45299	Salcedo
-71.85099	18.49300	6567	Jimaní
-71.70700	18.87600	43894	Comendador
-71.74100	18.03800	11072	Pedernales
-70.72900	18.45400	59139	Azua
-70.40900	18.94200	73269	Bonao
-70.33100	18.28000	66709	Baní
-69.25700	18.76400	35999	Hato Mayor
-69.78400	18.80700	15532	Monte Plata
-69.84700	19.37600	33862	Nagua
-69.33200	19.21200	11432	Samaná
-70.10900	18.41600	154040	San Cristóbal
-69.03500	18.76400	23547	El Seibo
-68.70800	18.61600	123787	Higuey
-14.76700	13.55100	3584	Georgetown
-14.22300	13.31000	14380	Basse Santa Su
-16.09500	13.49400	2751	Kerewan
-15.54332	13.45489	18672	Mansa Konko
-2.33600	7.33600	70299	Sunyani
11.33000	2.15300	24831	Ebebiyín
25.59000	58.36389	20309	Viljandi
10.99729	-2.92148	19365	Tchibanga
13.55400	-4.16400	22760	Madingou
22.43400	38.89900	47246	Lamia
23.45300	40.38100	5258	Polygyros
25.41670	41.13330	45631	Komatini
35.53330	33.83330	9000	B'abda
34.86670	31.91670	63860	Ramla
35.45000	33.38330	80000	Nabatiye et Tahta
19.94900	60.09700	10682	Mariehamn
24.47200	60.99700	47261	Hämeenlinna
26.70900	60.87600	31133	Kouvola
27.28500	61.69000	46550	Mikkeli
100.41278	20.27750	6347	Ban Houayxay
101.41670	20.95000	3225	Louang Namtha
105.86670	14.88330	12994	Champasak
106.42700	15.71600	5521	Saravan
104.03330	20.41670	38992	Xam Nua
102.10000	21.68330	6000	Phongsali
106.83900	14.80800	4297	Attapu
14.76200	-4.35600	13882	Kinkala
-6.96667	54.25000	5937	Muineachan
9.53500	55.70900	51177	Vejle
12.31670	55.93330	28313	Hillerød
11.56670	55.43300	7167	Sorø
-12.30100	12.08400	5479	Mali
-11.67000	11.44000	25531	Tongue
-9.89200	10.65300	14223	Kouroussa
-12.40100	11.08000	20052	Pita
-12.27200	10.65600	6349	Dalaba
-14.04300	10.18500	2332	Boffa
-13.29600	12.48000	13990	Koundara
-13.21300	11.75400	7461	Gaoual
-13.04300	10.90500	30311	Télimélé
-13.09800	9.43000	12358	Forecariah
-8.65700	8.68700	13204	Beyla
-10.15100	8.55400	221715	Gueckedou
-10.72600	11.29900	6062	Dinguiraye
-11.10900	10.74800	13057	Dabola
-7.68400	8.28000	27504	Touba
-5.74800	6.97800	60962	Bouaflé
-5.36000	5.83900	127867	Divo
-5.01900	6.55200	39005	Toumodi
-3.20000	5.46670	37654	Aboisso
-91.13330	15.03330	23618	Santa Cruz Del Quiche
9.23100	4.15500	90088	Buea
19.79700	41.51900	21286	Krujë
19.57300	40.73000	82297	Fier
19.71600	40.94000	41469	Lushnjë
19.88331	42.03330	6495	Pukë
20.08330	42.33330	7967	Bajram Curri
20.43400	42.08300	17832	Kukës
20.00000	39.87700	15147	Sarandë
20.68330	40.33330	7890	Ersekë
20.66400	40.90000	40000	Pogradec
20.76666	40.61668	58259	Korçë
19.97200	40.71000	46866	Berat
20.23330	40.51670	14046	Çorovodë
20.20000	40.86670	11556	Gramsh
20.36670	41.20000	12691	Librazhd
20.03330	40.28330	11955	Tepelenë
20.35200	40.23400	10686	Përmet
20.14900	40.07900	23437	Gjirokastër
20.43330	41.68330	14848	Peshkopi
20.01600	41.62600	15405	Burrel
19.65400	41.78800	18695	Lezhë
19.81670	41.78330	10064	Rrëshen
44.35917	40.30167	18779	Ashtarak
3.93900	50.44600	91277	Mons
5.33854	50.92884	69222	Hasselt
45.14917	40.87556	14737	Ijevan
44.55056	39.95389	20562	Artashat
45.12667	40.35889	21680	Gavarr
45.81611	40.56556	8657	Gadabay
46.78972	40.61028	7333	Goranboy
45.62889	40.99222	12626	Tovuz
45.55639	40.90528	0	Agdam
47.84583	40.98139	11867	Qabala
47.45833	41.07083	6876	Oğuz
45.33333	39.76111	8200	Yeghegnadzor
63.13330	34.98300	2997	Qala i Naw
65.25000	34.51670	15000	Chaghcharan
64.36000	31.58300	201546	Lashkar Gah
61.88700	31.11200	49851	Zaranj
65.86670	32.63330	10000	Tarin Kowt
68.41670	32.85000	13737	Zareh Sharan
71.15000	34.86600	48400	Asadabad
69.54000	36.73000	64256	Taloqan
69.33330	35.01670	7407	Mahmud-E Eraqi
70.16670	34.65000	17345	Mehtar Lam
68.96670	33.96670	22305	Baraki Barak
68.04000	36.26100	24000	Aybak
68.80000	34.45000	35008	Mayda Shahr
104.51900	11.45200	33231	Kampong Spoe
104.88900	12.71200	19951	Kampong Thum
105.32400	11.48400	74000	Prey Veng
104.96670	13.81670	24380	Phnum Tbeng Meanchey
105.97400	13.52300	29665	Stoeng Treng
106.02400	12.46900	19975	Kracheh
107.20000	12.45000	7944	Senmonorom
106.98100	13.50700	19205	Lumphat
105.80100	11.08000	23956	Svay Rieng
5.76600	36.82200	148000	Jijel
1.71500	6.61500	86971	Lokossa
0.36100	12.05500	33910	Fada Ngourma
4.04614	36.71171	144000	Tizi-Ouzou
4.76466	36.07771	140000	Bordj Bou Arréridj
4.54500	35.70000	150000	M'sila
7.42800	36.46600	123590	Guelma
7.15000	35.85000	100821	Oum el Bouaghi
24.71900	43.13800	42211	Lovec
23.23700	43.41400	47445	Montana
26.53600	43.53400	38285	Razgrad
5.81670	49.68330	26179	Arlon
9.76670	47.51670	26928	Bregenz
16.53330	47.83330	13165	Eisenstadt
89.41678	27.42937	15000	Paro
89.86414	27.58415	5000	Punakha
97.20600	19.66500	17293	Loikaw
89.91670	27.43330	5000	Wangdue Prodrang
30.51670	-3.16670	6585	Cankuzo
30.16300	-3.10000	10705	Karusi
29.99301	-3.93100	20893	Rutana
30.24400	-3.48100	38458	Ruyigi
29.36670	-3.08330	12728	Bubanza
29.56670	-2.90000	19443	Kayanza
29.80000	-4.13330	19642	Makamba
29.82500	-2.91200	21506	Ngozi
30.09722	-2.58472	6083	Kirundo
-4.90800	10.97400	18632	Orodara
-4.08333	12.18333	10385	Solenzo
-3.86000	12.72900	29048	Nouna
-3.46400	12.45500	45341	Dédougou
-0.23330	14.45000	6691	Gorom Gorom
-1.62700	14.09900	22223	Djibo
-3.07000	13.06900	17590	Tougan
-1.33400	12.06400	30137	Kombissiri
-1.29300	12.57700	12703	Ziniaré
-2.26300	12.95400	22904	Yako
-2.46694	12.33349	37535	Réo
-2.09800	11.09400	26884	Leo
-1.77361	11.55444	3837	Sapouy
-0.56900	12.65700	17489	Boulsa
-0.61100	12.24300	23892	Zorgo
-0.35600	12.17700	32052	Koupéla
-1.13500	11.16900	17924	Pô
-1.06500	11.66200	15173	Manga
-3.24800	10.95200	12732	Diébougou
-3.17400	10.32500	28023	Gaoua
-0.13800	12.96900	9854	Bogandé
-0.02800	14.03400	37806	Dori
0.53044	13.43641	3273	Sebba
1.79601	12.07700	26013	Diapaga
97.61670	16.85000	50000	Pa-an
93.61670	22.65000	20000	Hakha
97.03800	20.78200	160115	Taunggyi
95.96200	21.88000	78739	Sagaing
29.61200	-3.26100	18041	Muramvya
33.63600	34.91700	48947	Larnaka
32.42246	34.75592	35961	Paphos
47.31670	8.43330	60100	Laascaanood
47.33331	10.58330	180000	Ceerigaabo
7.41200	1.64500	1156	Santo António
143.23372	-9.10915	15214	Daru
35.20621	31.90294	24599	Ramallah
33.33300	35.32600	26701	Kyrenia
-68.59000	9.65800	77192	San Carlos
-68.74600	10.33600	76766	San Felipe
-67.35400	9.90100	87739	San Juan De Los Morros
-63.88333	11.03333	35084	La Asunción
45.57400	13.97900	37821	Al Bayda
46.80000	14.55000	37315	'Ataq
45.33400	15.42100	16794	Marib
-86.51900	16.33000	7514	Roatán
-21.86232	64.56950	1783	Borgarnes
-84.77586	11.18936	13451	San Carlos
-55.20000	5.60000	2105	Onverwacht
-55.48100	5.79700	3216	Groningen
69.00000	39.75000	11468	Leninobod
-60.60999	-22.03000	2500	Mariscal Estigarribia
-57.14000	-25.38700	21696	Caacupé
-86.19500	11.84600	29507	Jinotepe
-86.00000	13.09100	51073	Jinotega
-86.09500	11.96900	130113	Masaya
40.13331	30.00000	128332	Sakakah
29.83333	9.23333	7653	Bentiu
-78.97196	9.54169	10	El Porvenir
44.78300	43.23300	93357	Nazran
104.70000	52.83300	14538	Ust' Ordynskiy
9.35033	11.79919	17129	Dutse
11.96600	11.74900	255895	Damaturu
-77.98700	-1.48300	24881	Puyo
-84.12000	9.99200	21947	Heredia
-77.73200	0.82200	83000	Tulcán
-72.40600	5.34700	61029	Yopal
-6.53901	62.23748	4664	Klaksvík
16.30500	9.39500	19382	Laï
8.27322	49.98247	184997	Mainz
14.08100	50.66300	94105	Usti Nad Labem
15.81200	50.20600	95195	Hradec Králové
-12.70700	22.67900	5760	Fderik
-13.90900	17.05800	8388	Aleg
-14.39100	19.74700	370	Akjoujt
43.00000	36.86670	986000	Duhok
43.87500	34.19400	158508	Samarra
38.47700	7.06000	133097	Awasa
35.53701	8.14900	9352	Gore
11.41670	53.63330	96641	Schwerin
63.49900	49.62600	5277	Turgay
51.59400	30.65900	96786	Yasuj
50.85400	32.32100	129153	Shahrekord
51.14174	43.69046	147443	Mangyshlak
73.81800	15.49200	65586	Panaji
21.18000	4.32000	19431	Mobaye
-89.06100	17.15600	16977	El Cayo
-88.38800	18.39800	8724	Corozal
26.15200	-24.37700	39700	Mochudi
-81.69033	12.56214	58257	San Andrés
121.29889	24.95750	172065	Bade
121.21611	24.94389	201632	Pingzhen
120.33333	23.45000	35000	Taibao
121.31111	24.98889	500000	Taoyuan
121.15000	24.91667	175000	Yangmei
121.75000	24.75000	150000	Yilan
121.01194	24.83333	200000	Zhubei
171.22314	-42.47165	10100	Greymouth
-56.48602	-30.41599	41909	Artigas
-57.31997	-30.73003	2517	Baltasar Brum
-55.74997	-31.20002	7474	Tranqueras
-55.98000	-31.70997	54277	Tacuarembó
-56.51005	-32.81000	13221	Paso de los Toros
-53.95000	-32.92999	3998	Vergara
-54.38003	-33.23003	27684	Treinta y Tres
-56.39998	-34.47000	16438	Santa Lucía
-55.12000	-33.47001	2438	José Batlle y Ordóñez
-55.23002	-34.37001	41180	Minas
-54.95999	-34.91003	55478	Maldonado
-54.94999	-34.96997	159000	Punta del Este
-54.75000	-34.19999	2692	Aiguá
-54.16999	-34.66999	3230	La Paloma
-93.26801	44.29049	25376	Faribault
-93.99916	44.16362	56325	Mankato
-93.36870	43.64779	20522	Albert Lea
-95.04331	45.12188	18473	Willmar
-94.20085	46.35801	28187	Brainerd
-96.60773	47.77376	8653	Crookston
-107.61249	45.73177	4448	Hardin
-104.71049	47.10858	5856	Glendive
-112.68399	45.21568	4463	Dillon
-114.15669	47.68800	5326	Polson
-98.85969	48.11222	7813	Devils Lake
-113.79188	42.53581	14042	Burley
-115.92689	47.47422	1028	Wallace
-119.13610	46.21138	102504	Kennewick
-122.95297	46.71641	18880	Centralia
-112.17449	33.53543	500000	Glendale
-109.70688	32.83382	10668	Safford
-111.75663	32.87937	44655	Casa Grande
-111.82097	33.41480	1085394	Mesa
-114.30828	34.49829	56133	Lake Havasu City
-122.27115	37.87390	496356	Berkeley
-117.09801	32.67195	150000	National City
-123.79943	39.30777	548	Mendocino
-120.68998	35.62660	27157	Paso Robles
-117.39804	33.94194	297554	Riverside
-119.24307	35.76194	44757	Delano
-122.30321	37.54055	626406	San Mateo
-122.25805	38.11195	146289	Vallejo
-107.32470	39.54659	14004	Glenwood Springs
-104.80850	39.69586	587540	Aurora
-104.73997	40.41920	125410	Greeley
-117.22898	38.06699	3261	Tonopah
-107.75579	32.26109	16298	Deming
-107.25290	33.13360	7121	Truth or Consequences
-105.22250	35.59701	16998	Las Vegas
-108.18609	36.75415	43278	Farmington
-122.97803	44.05195	56032	Springfield
-123.84250	45.45525	8145	Tillamook
-116.96189	44.02663	12187	Ontario
-118.08660	45.32469	15004	La Grande
-112.08330	38.77248	7621	Richfield
-111.83548	39.71028	5117	Nephi
-108.73260	42.83300	6821	Lander
-108.75844	44.75867	6895	Powell
-90.50288	36.05709	23450	Paragould
-91.52998	41.66109	98516	Iowa City
-92.41481	41.01288	25982	Ottumwa
-95.14718	43.14529	11203	Spencer
-94.18026	42.50682	26879	Ft. Dodge
-97.92349	38.06549	44477	Hutchinson
-94.63015	39.11358	501577	Kansas City
-95.25523	38.95975	92726	Lawrence
-100.86409	37.97521	28564	Garden City
-96.59243	39.19403	56949	Manhattan
-99.32219	38.87937	21394	Hays
-101.71104	39.34849	4378	Goodland
-94.41528	39.09111	148102	Independence
-92.58281	40.19368	19193	Kirksville
-99.08115	40.70071	31553	Kearney
-98.35799	40.92227	45651	Grand Island
-102.87019	42.10139	8344	Alliance
-95.98059	36.74720	34610	Bartlesville
-97.87809	36.39554	46138	Enid
-97.12941	34.18108	24960	Ardmore
-95.76597	34.93300	21668	McAlester
-97.06830	36.13535	47667	Stillwater
-103.76577	44.35084	2874	Lead
-89.78109	30.27496	84239	Slidell
-93.21719	30.22638	83821	Lake Charles
-90.15278	29.98387	394206	Metairie
-91.81831	30.00358	37540	New Iberia
-96.36968	30.67419	146692	Bryan
-97.94111	29.88307	70371	San Marcos
-94.74027	32.50053	75920	Longview
-98.22973	26.20304	364004	McAllen
-97.69020	26.19756	110339	Harlingen
-98.07049	27.75046	22655	Alice
-98.12632	29.69781	45840	New Braunfels
-97.39249	32.35153	35545	Cleburne
-98.98231	31.70790	20988	Brownwood
-103.66500	30.36072	6587	Alpine
-104.83224	31.04248	2175	Van Horn
-101.47519	32.24319	24122	Big Spring
-99.29038	34.15105	11660	Vernon
-100.21392	34.42489	6557	Childress
-102.39859	34.82192	15675	Hereford
-102.51861	36.06081	7088	Dalhart
-94.96277	29.41088	69914	Texas City
-95.14774	29.66086	628492	Pasadena
-94.96773	29.75584	86034	Baytown
-97.02024	32.68476	724777	Arlington
-70.73998	7.23998	30860	Guasdualito
-70.25001	8.59998	284289	Barinas
-70.62001	9.31996	191167	Valera
-71.44999	10.42999	441094	Cabimas
-70.08000	10.18998	149711	Carora
-69.75002	9.04998	151642	Guanare
-72.10003	41.35552	96178	New London
-73.53919	41.05335	746920	Stamford
-73.05002	41.55001	174236	Waterbury
-70.94470	41.65613	136082	New Bedford
-72.58000	42.12002	421780	Springfield
-70.88309	42.52250	335509	Salem
-73.25983	42.44820	46230	Pittsfield
-72.57581	44.25997	8538	Montpelier
-85.48084	32.60970	73929	Auburn
-87.67724	34.79970	45349	Florence
-81.73301	28.02192	108932	Winter Haven
-80.60832	28.08331	265414	Melbourne
-80.47779	25.46830	85967	Homestead
-81.27998	28.78996	333460	Sanford
-80.13178	25.80992	407750	Miami Beach
-80.27082	26.27084	250000	Coral Springs
-82.10570	27.00004	64279	Port Charlotte
-82.54771	28.47894	114697	Spring Hill
-81.22330	29.53800	48577	Palm Coast
-81.65131	29.64768	21452	Palatka
-81.88333	28.81050	49574	Leesburg
-82.63975	30.18972	29395	Lake City
-86.57261	30.75421	22403	Crestview
-85.65527	30.15861	100072	Panama City
-84.97030	34.76972	58557	Dalton
-84.54325	33.95561	61360	Marietta
-82.35491	31.21382	19824	Waycross
-85.03187	33.03647	31776	La Grange
-90.00346	34.96891	121268	Southaven
-88.70361	32.36419	42290	Meridian
-89.13927	31.69738	28841	Laurel
-81.93227	34.94943	124126	Spartanburg
-80.86223	33.49680	35472	Orangeburg
-90.37108	40.94777	32094	Galesburg
-88.10667	41.52998	578460	Joliet
-89.51809	37.30582	40427	Cape Girardeau
-89.06969	42.26971	255978	Rockford
-87.69996	42.04835	350000	Evanston
-90.53461	41.49340	165728	Rock Island
-88.28992	42.03946	389514	Elgin
-84.89028	39.82890	44400	Richmond
-87.41387	39.46665	73236	Terre Haute
-86.87825	40.41721	133977	Lafayette
-85.65918	40.55834	38297	Marion
-86.25002	41.68331	239822	South Bend
-85.82128	38.31088	120625	New Albany
-85.96879	41.68294	149190	Elkhart
-87.48862	36.86549	35604	Hopkinsville
-84.08335	37.12888	7844	London
-87.50222	37.33275	22294	Madisonville
-77.79077	35.93800	58361	Rocky Mount
-80.47448	35.67078	41352	Salisbury
-78.92000	35.99996	309495	Durham
-79.01191	34.62720	32785	Lumberton
-82.01332	39.94029	40052	Zanesville
-82.51554	40.75832	77768	Mansfield
-83.65139	41.37475	37080	Bowling Green
-83.79999	39.92000	84576	Springfield
-82.60530	39.71921	48829	Lancaster
-82.35361	36.31332	77538	Johnson City
-82.56195	36.54832	57467	Kingsport
-87.03527	35.61500	116091	Columbia
-89.84109	35.22290	286423	Barlett
-80.41420	37.22942	67508	Blacksburg
-78.86918	38.44942	42538	Harrisonburg
-77.40224	37.22776	118577	Petersburg
-76.34995	37.03003	366766	Hampton
-87.71442	43.75083	53705	Sheboygan
-88.23137	43.01165	249912	Waukesha
-91.23943	43.80137	87381	La Crosse
-91.49835	44.81136	79740	Eau Claire
-90.50389	43.98505	12997	Tomah
-89.02158	42.68263	69278	Janesville
-88.40051	44.26868	203665	Appleton
-81.56165	39.26666	61935	Parkersburg
-80.30348	37.79388	2407	White Sulphur Springs
-80.33692	39.28327	28773	Clarksburg
-75.52470	39.15809	76039	Dover
-76.93893	38.60306	69208	St. Charles
-76.49250	38.97833	81300	Annapolis
-77.72028	39.64165	79662	Hagerstown
-74.17001	40.92000	151205	Paterson
-73.78502	43.08296	55793	Saratoga Springs
-73.92142	41.70023	170996	Poughkeepsie
-73.45798	44.69498	29238	Plattsburgh
-80.31942	40.75194	120125	Beaver Falls
-78.39497	40.51860	78607	Altoona
-77.00138	41.24109	56877	Williamsport
-76.30577	40.03777	209489	Lancaster
-75.50003	40.59999	496442	Allentown
-64.68002	10.16996	546616	Puerto la Cruz
-64.46000	9.44000	117596	Anaco
-67.02003	10.41997	303470	Los Teques
-66.01999	9.20999	89080	Valle de la Pascua
-66.77999	10.11999	166072	Ocumare del Tuy
-63.23000	10.67001	126293	Carúpano
-61.45938	10.28046	166039	San Fernando
-55.16995	5.02001	4582	Brownsweg
-54.41000	5.63000	7766	Moengo
-55.07001	5.90999	4935	Nieuw Amsterdam
-69.64579	44.55189	25152	Waterville
-67.24239	45.16599	3306	Calais
-67.83972	46.12552	6703	Houlton
-86.45419	42.11664	58382	Benton Harbor
-85.17975	42.32110	70820	Battle Creek
-83.88890	43.59446	68549	Bay City
-83.43270	45.06160	18330	Alpena
-88.06409	45.82246	16183	Iron Mountain
-90.15939	46.45581	7064	Ironwood
-4.88333	36.51662	186131	Marbella
-3.63335	38.08332	59761	Linares
-5.45266	36.13188	111027	Algeciras
-5.57001	42.57997	136227	León
2.45002	41.53996	183293	Mataró
35.77998	35.53999	539147	Latakia
38.54808	35.83666	87880	Madinat ath Thawrah
37.04409	36.58879	31534	Izaz
37.95633	36.52665	120169	Manbij
36.63166	35.92970	128840	Idlib
41.22998	37.03003	104107	Al Qamishli
40.75001	36.48329	128100	Al Hasakah
36.39999	33.58334	496145	Douma
44.38746	14.55747	191259	Dhamar
44.17088	13.97585	234837	Ibb
9.50003	46.85002	38293	Chur
-160.49719	55.33971	667	Sand Point
-132.80064	55.21398	382	Hydaburg
-166.18994	60.38865	99	Mekoryuk
-157.39578	70.46938	201	Atqasuk
-158.62689	56.94909	102	Port Heiden
-159.15115	55.91861	113	Perryville
-158.48031	59.05656	2488	Dillingham
-161.58713	59.12099	230	Goodnews Bay
-159.94048	61.00414	100	Nyac
-165.25579	60.58549	352	Tununak
-163.72901	62.08552	755	Mountain Village
-164.52299	62.77698	100	Emmonak
-158.72190	64.32720	190	Kaltag
-166.36079	65.26360	83	Teller
-157.70085	64.88029	101	Koyukuk
-156.88098	66.90725	151	Kobuk
-160.00939	66.60388	832	Selawik
-150.10943	62.32378	1078	Talkeetna
-148.67768	60.78416	177	Whittier
-150.07276	62.07968	10	Montana
-152.31219	63.88283	32	Lake Minchumina
-148.95079	63.39159	222	Cantwell
-145.38220	62.27135	119	Gulkana
-141.20000	64.78799	104	Eagle
-149.09300	64.56380	75	Nenana
-145.84219	64.15253	591	Big Delta
-152.64550	66.56548	97	Allakaket
-152.07879	65.17187	308	Tanana
15.41667	60.48332	39422	Borlänge
16.55768	59.60908	107194	Västerås
31.98434	46.96774	510840	Mykolayiv
31.30154	51.50493	307684	Chernihiv
27.00155	49.42493	398346	Khmelnytskyy
26.58090	48.68430	114658	Kamyanets-Podilskyy
23.49938	49.34436	124269	Drohobych
22.25000	48.62999	150832	Uzhgorod
30.21091	48.75430	87658	Uman
30.78090	50.49432	88506	Brovary
30.13092	49.77431	199163	Bila Tserkva
30.66659	46.30000	54102	Illichivsk
33.20902	51.24239	103547	Konotop
33.34498	47.92833	652380	Kryvyy Rih
37.97462	48.02966	376610	Makiyivka
38.05467	48.29965	396885	Horlivka
37.53439	48.71936	184105	Kramatorsk
36.78684	46.75682	118284	Berdyansk
49.60916	14.75932	54274	Ash Shihr
55.55334	25.56527	44411	Umm al Qaywayn
55.40648	25.37138	1103027	Sharjah
56.27779	38.97554	48458	Serdar
53.12259	39.43615	1206	Celeken
60.49604	37.37861	67294	Tejen
58.21003	38.05167	40813	Buzmeyin
59.16666	42.31665	31400	Koneurgench
59.45166	42.40471	60401	Khujayli
67.26069	39.40071	99675	Urgut
66.26075	39.90070	247113	Kattaqorgon
67.88716	38.27716	217274	Denow
68.77135	37.83731	311574	Qurghonteppa
70.42716	40.29215	259876	Konibodom
68.79073	40.49573	95520	Guliston
69.68075	41.55073	195633	Iskandar
69.55998	41.45497	167842	Chirchiq
-87.48997	13.52999	47000	Nacaome
-88.77999	14.76999	35529	Santa Rosa de Copán
-57.16998	5.90004	12000	Corriverton
-58.24999	5.43002	100	Ituni
-59.80003	3.38996	352	Lethem
-5.67000	43.53002	335972	Gijón
-2.66998	42.84998	224578	Vitoria
12.45339	41.90328	832	Vatican City
-4.75003	55.93329	74635	Greenock
-1.37988	54.90341	452934	Sunderland
-1.39998	50.90003	384417	Southampton
-2.58331	51.45000	553528	Bristol
-1.90005	50.72999	426945	Bournemouth
-7.30000	54.60001	21056	Omagh
-2.90297	53.18632	89531	Chester
-3.95000	51.62999	294339	Swansea
-2.92999	54.88000	72633	Carlisle
27.85002	37.84998	198857	Aydın
27.35522	41.40666	90899	Lüleburgaz
30.52996	37.76998	172334	Isparta
29.93000	39.42001	185008	Kütahya
28.36389	37.21637	48183	Muğla
39.23000	38.67998	271492	Elâzığ
36.94502	37.60999	376045	Kahramanmaraş
34.62000	36.79999	616990	Icel
34.95000	40.51999	183418	Corum
40.52186	41.02084	279450	Rize
42.28160	38.50658	73222	Tatvan
127.68972	36.93525	10077	Eumseong
127.50120	36.64390	775096	Cheongju
127.93962	37.35515	243387	Wonju
127.73416	37.87470	226509	Chuncheon
126.85953	37.34807	739493	Ansan
126.94542	35.94097	283501	Iksan
129.21169	35.84276	155237	Gyeongju
128.58356	35.21910	1081499	Changwon
0.72000	51.55002	618386	Southend-on-Sea
-0.98003	51.46997	369804	Reading
-1.13325	52.62998	457983	Leicester
-1.75446	53.79167	501700	Bradford
-1.50000	53.36668	1292900	Sheffield
32.14723	39.58416	93262	Polatlı
32.60001	41.20000	128564	Karabük
41.21835	37.07498	152668	Nusaybin
43.74083	37.57444	77699	Hakkâri
16.62874	47.22535	109518	Szombathely
19.70003	46.90004	113895	Kecskemét
18.40807	47.19468	144319	Székesfehérvár
21.71871	47.96533	176880	Nyíregyháza
7.25004	47.16659	78708	Biel
-85.86004	11.25000	7790	San Juan del Sur
22.66589	44.64589	106578	Drobeta-Turnu Severin
28.79668	45.19935	92475	Tulcea
21.31998	46.17001	169065	Arad
21.92000	47.04998	213830	Oradea
24.13712	45.79711	155565	Sibiu
26.25932	47.63770	105796	Suceava
26.80652	45.15651	130954	Buzău
28.04587	45.45589	311156	Galați
27.18655	45.69655	105112	Focșani
-79.80002	-6.63000	50184	Ferreñafe
-79.71000	-6.15003	13681	Motupe
-72.01998	-17.02001	49033	Mollendo
-72.11662	-13.30421	7540	Urubamba
-72.08000	-14.46001	4134	Santo Tomas
-69.42999	-15.47003	8118	Putina
-78.20999	-9.44001	30000	Casma
-74.70522	-8.93218	511	Tournavista
-78.04995	-7.81003	30835	Huamachuco
-78.57000	-7.90000	10134	Otuzco
-76.52002	-6.43001	13693	Lamas
-73.78003	-4.57002	2500	Nauta
-74.12998	-14.69999	10491	Puquio
-76.71000	-11.93004	88606	Chosica
-74.69003	-11.26000	15532	Satipo
-75.72999	-11.41001	51350	Tarma
-75.94000	-11.52004	33345	La Oroya
-77.59998	-11.06001	40400	Huaura
-77.61995	-11.11003	80474	Huacho
-62.20999	-20.51995	972	General Eugenio Alejandrino Garay
-57.08999	-25.04996	3055	Arroyos y Esteros
-57.52999	-25.09001	15643	Villa Hayes
-59.84995	-23.05029	-99	Fortin Falcon
-57.79000	-22.64003	500	Puerto Pinasco
-58.85998	-23.43001	2135	Pozo Colorado
-57.07999	-24.08996	9360	San Pedro
-57.52004	-25.34002	500000	San Lorenzo
-57.27998	-25.40999	30150	Ypacaraí
-57.15001	-26.67999	7882	San Juan Bautista
-57.16001	-25.62000	18881	Paraguarí
-54.76995	-26.02003	1250	Ñacunday
-56.43995	-25.44999	88101	Coronel Oviedo
-56.38001	-26.20002	5504	Caazapá
-55.45999	-23.91003	600	Ype Jhu
-55.87392	-27.34718	357119	Encarnación
-56.25004	-27.17003	14297	Coronel Bogado
-86.35998	13.08999	107839	Estelí
-85.66000	12.46997	29046	Boaco
-85.37997	12.11000	54731	Juigalpa
-8.42133	41.55499	826833	Braga
-7.49999	40.28334	24828	Covilhã
38.04930	24.09428	267590	Yanbu al Bahr
39.86639	29.81530	22583	Dawmat al Jandal
42.59868	20.00869	88291	Qal at Bishah
40.38228	21.26223	657282	At Taif
18.00861	69.24062	3907	Finnsnes
5.50002	51.42997	398053	Eindhoven
10.70001	60.80002	22719	Gjøvik
11.20530	64.86802	2615	Rørvik
19.14998	48.73329	82336	Banská Bystrica
17.60000	48.36659	69785	Trnava
27.31657	56.50003	38340	Rēzekne
24.37003	55.74002	127405	Panevežys
23.32503	55.93864	133528	Šiauliai
44.13156	17.50654	369609	Najran
45.28064	24.07371	8712	Al Quwayiyah
46.75636	23.48946	594605	Al Hillah
49.56591	25.42905	298562	Al Mubarraz
50.01151	26.51963	368892	Al-Qatif
50.15832	26.29143	97446	Az Zahran
70.10083	33.89918	55685	Parachinar
74.56004	32.52002	477396	Sialkote
73.98999	31.71999	361303	Sheikhu Pura
74.08002	32.57999	301506	Gujrat
73.11181	30.67173	235695	Sahiwal
72.97998	31.71999	201781	Chiniot
70.29518	28.42024	353203	Rahim Yar Khan
75.28459	42.82988	112860	Tokmak
73.88566	42.83063	74133	Kara Balta
77.08107	42.65134	18595	Cholpon Ata
75.99106	41.42635	52300	Naryn
73.20575	41.03071	15000	Kok Yangak
73.19681	34.34179	66486	Mansehra
71.43268	33.60269	343027	Kohat
73.19950	34.14950	1183647	Abbottabad
72.03999	34.20004	300424	Mardan
85.33333	27.66662	337785	Lalitpur
85.03335	27.41668	232334	Hetauda
-80.35999	8.50998	28766	Penonome
-80.42004	7.97002	44082	Chitré
-78.16602	7.51896	1357	Jaqué
20.75009	42.22932	171464	Prizren
48.08377	29.07694	68763	Al Ahmadi
47.65806	29.33747	194193	Al Jahra
-82.24747	9.33535	9883	Bocas del Toro
-82.39997	9.30001	8114	Almirante
40.12002	44.60998	158451	Maykop
44.65437	43.75432	45702	Mozdok
43.46995	44.15990	72649	Georgievsk
43.09002	44.07996	142865	Pyatigorsk
42.72002	43.90997	132771	Kislovodsk
41.95004	44.62005	134380	Nevinnomyssk
-171.81660	66.95001	297	Enurmino
-171.02500	65.58327	1242	Lavrentiya
-179.58998	70.95659	10	Zvëzdnyj
161.48114	69.42444	570	Mikhalkino
21.81086	54.63164	45187	Chernyakhovsk
33.42307	69.07306	53921	Severomorsk
33.39304	67.57307	66907	Apatity
33.45025	69.20522	19200	Polyarnyy
28.07466	59.11160	36209	Slantsy
30.65001	59.73001	225801	Kolpino
31.94486	52.53482	43534	Novozybkov
34.33919	53.58914	33527	Dyatkovo
41.36429	56.85435	60705	Shuya
42.12998	57.46997	92983	Kineshma
43.59438	56.49434	63083	Balakhna
43.80000	55.39999	142597	Arzamas
34.32746	56.25740	63414	Rzhev
34.56310	57.58303	53800	Vyshnniy Volochek
38.33000	57.52436	37732	Uglich
38.50002	52.58001	115919	Yelets
38.97999	55.82001	140247	Orekhovo-Zuevo
36.69873	56.34306	80778	Klin
38.17001	56.33001	109252	Sergiyev Posad
38.78496	55.07998	147690	Kolomna
39.74485	47.13682	109962	Bataysk
38.91999	47.23000	279056	Taganrog
40.08002	47.41996	166974	Novocherkassk
40.25180	48.33176	75814	Kamensk Shakhtinskiy
39.91998	47.76999	99478	Novoshakhtinsk
37.09437	54.51433	66885	Aleksin
38.28930	54.01071	130982	Novomoskovsk
37.51429	54.01434	86088	Shchekino
45.42610	50.01611	16044	Nikolayevsk
36.89438	50.41435	45194	Shebekino
37.38432	51.27435	272	Gubkin
39.72873	44.46872	45876	Apsheronsk
40.58211	45.44708	79599	Kropotkin
44.92438	54.06433	49311	Ruzayevka
42.71743	52.65739	17975	Kirsanov
40.50000	52.89999	93499	Michurinsk
42.08874	51.36871	68597	Borisoglebsk
53.45998	54.45997	108200	Oktyabrskiy
60.80853	54.36850	17050	Plast
58.79588	54.94588	26559	Bakal
60.23130	56.06628	33879	Verkhniy Ufaley
64.12326	67.60829	11562	Severnyy
50.04438	58.55437	90252	Kirovo-Chepetsk
60.20834	59.76237	64878	Krasnoturinsk
61.45805	57.02304	81248	Asbest
61.69152	57.84651	44000	Alapayevsk
60.05152	58.35151	20571	Krasnouralsk
59.96155	60.15652	36138	Severouralsk
58.33002	51.20001	106186	Novotroitsk
52.43302	53.66302	53511	Buguruslan
49.72434	52.97432	107164	Chapayevsk
48.47998	53.17000	189338	Syzran
49.91994	53.12000	152334	Novokuybishevsk
52.39244	55.73191	461086	Naberezhnyye Chelny
48.49697	55.84807	99600	Zelenodolsk
52.44873	54.59869	66263	Leninogorsk
52.79429	54.55433	91900	Bugulma
72.60801	61.09202	112632	Nefteyugansk
86.16997	54.66001	109023	Leninsk Kuznetsky
86.04001	56.08002	83692	Anzhero Sudzhensk
86.64002	54.00002	104000	Kiselevsk
87.31668	53.23327	5870	Mundybash
91.22269	53.83132	71582	Chernogorsk
90.09537	52.66902	18094	Abaza
83.28653	54.65094	61827	Iskitim
84.37768	55.23767	21886	Toguchin
77.27419	54.35923	16333	Kupina
57.97821	23.30319	47718	Alayat Samail
94.70279	55.96197	33865	Zaozernyy
89.51840	56.21648	23622	Bogotol
116.03063	51.87057	14132	Shilka
116.30064	50.53060	411	Sherlovaya Gora
108.83267	51.28269	20889	Petrovsk Zabaykalskiy
133.28234	44.16230	58700	Arsenyev
133.13491	43.13487	42489	Partizansk
133.72232	45.92729	28300	Dalnerechensk
142.10501	74.89831	10	Zemlya Bunge
113.63000	73.48330	10	Khorgo
107.79997	68.51663	298	Put Lenina
131.08331	48.99999	10000	Obluchye
140.24249	49.08732	18618	Vanino
147.91670	61.63328	10	Omchak
142.03333	49.08335	12669	Uglegorsk
142.06238	47.04732	32911	Kholmsk
-116.00926	30.76405	12829	Vicente Guerrero
-111.35166	26.01333	11227	Loreto
-111.65999	25.04001	39915	Ciudad Constitución
-100.84998	28.32999	19636	Allende
-101.21998	27.94996	36642	Nueva Rosita
-105.66664	26.93335	103378	Hidalgo del Parral
-107.97998	31.10003	11781	Ascensión
-103.50002	25.57005	399328	Gómez Palacio
-104.78000	24.51999	10342	Canatlan
-106.23004	23.19999	15443	Villa Unión
-107.91621	24.63604	1000	Altata
-109.92999	27.58001	3836	Esperanza
-110.96795	30.62582	23359	Magdalena
-109.64998	30.42001	11872	Nacozari de García
-102.88001	22.35002	11138	Villanueva
-99.83999	25.19000	42640	Montemorelos
-100.17997	26.51002	32047	Sabinas Hidalgo
-99.67000	22.00001	15331	Cardenas
-99.02001	21.97999	114964	Ciudad Valles
-99.98001	21.92999	69613	Rio Verde
-98.95002	22.73335	79981	Ciudad Mante
-98.30003	26.08000	498654	Reynosa
-97.83611	22.31891	192736	Ciudad Madero
-104.37000	19.77002	47669	Autlan
-100.57000	19.67997	64154	Ciudad Hidalgo
-102.35002	19.07998	98422	Apatzingán
-105.22005	21.82000	18365	Santiago Ixcuintla
-95.02000	16.42999	67637	Juchitan
-96.60001	16.33000	17632	Miahuatlán
-98.45000	18.90002	97842	Atlixco
-98.04999	18.19996	18879	Acatlan
-93.22998	18.40003	23830	Paraíso
-91.52998	17.79996	11895	Balancán
-98.23001	19.31999	503878	Tlaxcala
-101.35088	20.67604	339554	Irapuato
-100.80001	20.53002	383697	Celaya
-99.50001	17.54997	182387	Chilpancingo
-99.53998	18.37000	112106	Iguala
-100.67999	17.24999	14638	Tecpan
-100.43003	17.20000	20515	Atoyac
-99.02999	19.41002	1109363	Nezahualcoyotl
-100.00003	20.37998	147559	San Juan del Río
-94.73999	17.93998	66998	Jaltipan
-97.13000	18.85002	355333	Orizaba
-96.91999	19.52998	452186	Xalapa
-96.78335	20.21658	2890	Nautla
-92.63338	16.75000	186661	San Cristobal de Las Casas
-92.62999	15.33001	107638	Escuintla
-89.27999	21.09999	21253	Motul
-89.27999	20.19999	22806	Tekax
-88.91998	20.12997	17607	Peto
-90.08002	20.47998	9165	Halachó
4.17999	7.62996	250443	Iwo
3.59000	7.97002	98071	Iseyin
20.97008	42.00923	119132	Tetovo
35.36879	33.56303	173894	Saida
20.48556	53.77258	186670	Olsztyn
19.40319	54.15392	127558	Elbląg
18.24999	52.77994	79007	Inowrocław
18.91000	50.35004	662247	Bytom
17.93135	50.68498	131412	Opole
53.32650	47.64824	14082	Maqat
56.74996	59.66999	100812	Solikamsk
57.63430	59.06437	22135	Kizel
73.09971	52.49968	7189	Bestobe
72.56993	50.57995	7305	Osakarovka
72.85988	48.27487	9710	Aqadyr
78.14995	52.49991	107	Sharbaqty
81.90496	50.63160	27176	Shemonaikha
83.42487	49.69990	701	Serebryansk
76.82884	43.33414	20996	Boralday
79.98012	44.16155	36496	Zharkent
77.44379	43.36907	35319	Esik
69.87991	42.18992	23058	Lenger
68.51989	43.51650	57408	Kentau
125.10207	38.25173	48984	Changyon
127.51856	39.02817	38142	Anbyon
127.25171	39.38130	73619	Munchon
126.56441	37.96400	338155	Kaesong
125.80084	40.82548	7786	Chosan
126.29585	41.14543	186827	Manpo
125.93897	39.42360	400629	Sunchon
128.15532	40.81752	3839	Kimhyonggwon
101.45018	47.47688	19812	Tsetserleg
169.04998	60.58158	10	Pakhachi
-8.86415	52.70385	8781	Shannon
-7.11193	52.25829	49275	Waterford
-9.71665	52.26669	26384	Tralee
-8.11667	54.65001	2513	Donegal
10.92000	44.65002	175502	Modena
17.12334	39.08334	60010	Crotone
16.10004	38.66659	33957	Vibo Valentia
15.64136	38.11500	180353	Reggio di Calabria
14.33736	41.05996	250000	Caserta
16.27000	41.32000	107830	Barletta
14.73000	36.93003	68956	Ragusa
35.85000	32.54999	650000	Irbid
35.72721	32.03919	140689	As Salt
36.10001	32.06999	894691	Az Zarqa
8.20998	44.92998	71276	Asti
8.61998	45.45000	100910	Novara
9.08000	45.81001	250000	Como
13.24001	46.07002	119009	Udine
12.24002	45.67001	177309	Treviso
97.72999	39.83004	350000	Yumen
103.20005	35.60001	534555	Linxia
115.78998	39.54005	628000	Zhuozhou
117.58005	26.22999	209444	Sanming
114.39998	23.07997	289201	Huizhou
116.63003	23.68004	424787	Chaozhou
6.11667	45.89997	105749	Annecy
4.06667	46.03333	73315	Roanne
-79.64998	-3.67002	16981	Piñas
-91.01665	-0.93334	2200	Puerto Villamil
-89.59997	-0.90001	6030	Puerto Baquerizo Moreno
-79.01002	-1.60999	27866	Guaranda
-78.84003	-2.74000	69087	Azogues
-80.98000	-2.20004	43862	Salinas
-78.84998	-2.18996	14294	Alausí
-78.45995	-0.31002	178582	Sangolquí
-75.31663	5.71661	18817	Sonsón
-72.94000	5.72000	126551	Sogamoso
-73.85000	7.08999	191403	Barrancabermeja
-83.92998	9.86998	196946	Cartago
-83.14997	8.65003	6777	Golfito
-84.23004	10.02002	387743	Alajuela
-85.10001	10.42999	20306	Cañas
-80.02001	0.60997	13393	Muisne
-88.63000	13.88004	26989	Sensuntepeque
-89.72999	13.71997	168947	Sonsonate
-88.18334	13.48335	201563	San Miguel
-78.76195	21.84000	142027	Ciego de Ávila
-75.99881	20.21723	102826	Palma Soriano
-77.23328	17.96662	135142	May Pen
-76.94999	17.98333	432704	Spanish Town
-74.80999	4.31001	130289	Girardot
-75.33001	2.69000	22568	Campoalegre
-77.61995	1.09000	33979	Túquerres
-76.62998	1.14999	22035	Mocoa
-75.91003	4.74998	134827	Cartago
-77.84004	0.60997	16066	San Gabriel
-74.76999	10.92002	698852	Soledad
-74.91998	10.63998	68535	Sabanalarga
-75.34999	10.26003	50405	Arjona
-74.74002	9.22999	100313	Magangué
-73.25001	10.47999	308237	Valledupar
-72.63999	2.56998	22136	San José del Guaviare
-72.96003	4.09000	16678	Puerto López
-82.49908	22.89112	42724	San Antonio de los Baños
-82.02803	22.83614	68935	Güines
-79.47224	22.51580	39140	Caibarién
-79.65548	22.31581	55408	Placetas
8.53001	52.02999	331906	Bielefeld
7.45003	51.52997	588462	Dortmund
6.75002	51.42997	1276757	Duisburg
7.16999	51.25001	776525	Wuppertal
7.01661	51.45000	1742135	Essen
8.39999	48.99999	377487	Karlsruhe
8.69998	49.41999	426590	Heidelberg
9.50003	51.30001	289924	Kassel
8.22000	53.13000	167458	Oldenburg
7.21666	53.36668	51526	Emden
10.50002	52.24997	244715	Braunschweig
11.02996	50.97005	203254	Erfurt
15.54777	45.48721	55063	Karlovac
14.45001	45.32998	170992	Rijeka
10.96661	50.26661	61054	Coburg
10.90000	48.35001	358989	Augsburg
10.99999	49.47001	237844	Fürth
14.46004	48.98002	98851	České Budějovice
15.08000	50.79996	102175	Liberec
12.91998	50.82998	302643	Chemnitz
18.01558	45.16028	97718	Slavonski Brod
17.25680	49.58666	101268	Olomouc
27.28334	59.39998	46060	Kohtla-Järve
89.63333	28.95000	10000	Gyangze
109.93778	34.79525	109696	Dali
113.57001	37.86997	981448	Yangquan
110.78000	32.57004	770000	Shiyan
111.50001	32.52002	92008	Danjiangkou
112.22999	30.32002	520000	Jingzhou
113.67000	31.26999	71198	Anlu
113.40004	25.96998	6618	Zixing
104.39997	31.13333	152194	Deyang
98.46659	25.03332	126058	Tengchong
103.40613	23.36194	303341	Mengzi
101.54557	25.03642	254370	Chuxiong
115.70001	37.71998	456356	Hengshui
115.02434	40.59441	409745	Xuanhua
114.02998	33.57000	417356	Luohe
120.76001	41.81002	228515	Beipiao
121.99595	39.62591	355844	Wafangdian
119.38009	35.98996	1060000	Zhucheng
117.77699	39.23196	332793	Hangu
118.35003	34.38001	962656	Xinyi
119.43001	32.40000	539715	Yangzhou
121.11999	28.85001	251759	Linhai
121.25000	28.65002	198713	Huangyan
133.91709	34.67203	866092	Okayama
130.94543	33.96543	245786	Shimonoseki
124.30000	45.50000	93297	Daan
123.98999	44.27000	55841	Changling
125.74999	41.67997	27227	Tonghua
126.43000	41.90001	330000	Baishan
129.51276	42.88230	488740	Yanji
130.85004	31.38332	82335	Kanoya
134.04478	34.34474	334223	Takamatsu
134.55250	34.06739	443760	Tokushima
121.51666	50.78332	42849	Genhe
113.53389	41.54944	18831	Shangdu
123.71668	50.56667	40128	Orongen Zizhiqi
122.71999	48.00000	138032	Zalantun
111.44084	41.09551	23776	Wuchuan
107.14001	40.88470	39954	Hanggin Houqi
125.32004	46.40000	181533	Anda
126.10004	46.69003	64182	Qinggang
123.80003	47.16005	24317	Angangxi
123.61002	47.20997	289999	Hulan Ergi
127.51184	46.87185	53206	Qingan
126.08185	47.60184	70472	Baiquan
127.10598	47.24599	57789	Suileng
130.25188	45.28190	77754	Linkou
137.23001	36.69999	332812	Toyama
137.00000	36.67002	170077	Takaoka
135.86741	35.00640	536976	Ōtsu
139.07269	36.39270	344871	Maebashi
139.70500	35.52999	1437266	Kawasaki
139.49106	35.91769	337931	Kawagoe
139.87000	36.54998	667752	Utsunomiya
139.32606	35.65771	579399	Hachiōji
140.38000	37.40998	340560	Kōriyama
-89.44000	16.20001	132470	San Luis
-90.38000	15.47000	65194	Cobán
-88.75624	15.83065	14350	Livingston
-89.90000	14.28999	50681	Jutiapa
-71.41663	18.46661	25731	Neiba
-70.51659	19.21659	163197	La Vega
-70.25001	19.30000	152538	San Francisco de Macorís
-52.33002	4.72998	2229	Roura
-52.95998	5.38002	3180	Sinnamary
77.16660	31.10003	173503	Simla
77.01999	28.45001	197340	Gurgaon
77.01999	29.00000	250521	Sonipat
76.58002	28.90001	317245	Rohtak
75.72503	29.16999	544829	Hisar
76.12501	28.81001	190855	Bhiwani
76.79182	30.37731	146787	Ambala
74.46666	34.29996	63035	Sopore
73.01662	20.26658	27359	Silvassa
73.16017	19.25023	1576614	Kalyan
75.83004	21.02000	183001	Bhusawal
94.21667	26.74998	69033	Jorhat
-2.78330	48.51666	53223	St.-Brieuc
0.33328	46.58329	85960	Poitier
-0.53003	47.48001	188380	Angers
-1.56160	43.47328	145348	Biarritz
5.44999	43.51999	146821	Aix-en-Provence
2.89997	42.69999	146620	Perpignan
0.08334	43.23329	54854	Tarbes
3.08001	45.77998	233050	Clermont-Ferrand
2.66665	48.53330	249432	Melun
2.78333	50.28332	64165	Arras
6.03001	47.23000	128426	Besançon
-71.46661	-52.64998	358	Río Verde
-70.13330	-19.11668	20	Cuya
-68.92999	-22.32000	0	Chuquicamata
-69.67000	-22.35002	2370	María Elena
-70.27998	-27.48004	12888	Tierra Amarilla
-70.99999	-31.18002	5134	Combarbalá
-70.69998	-33.59998	246762	San Bernardo
-70.72001	-32.75001	59294	San Felipe
-71.55708	-33.02490	503534	Viña del Mar
-71.24003	-32.46000	26665	La Ligua
-71.26000	-32.87997	79686	Quillota
-72.96003	-38.74003	18777	Nueva Imperial
-72.63000	-39.37001	15590	Loncoche
-72.23000	-39.28005	31602	Villarica
-73.21234	-39.21659	2293	Toltén
-71.23328	-38.43333	10237	Lonquimay
-72.70550	-37.80221	44856	Angol
-72.43001	-37.95997	16392	Collipulli
-73.08997	-40.28996	26298	La Unión
-72.96003	-40.34003	15456	Río Bueno
-73.16002	-37.02995	92940	Coronel
-73.11666	-36.71669	288074	Talcahuano
-72.53000	-36.28002	6529	Quirihue
-73.34000	-37.48000	30611	Curanilahue
-72.01998	-37.67001	3494	Santa Bárbara
-71.99998	-34.38003	11603	Pichilemu
-70.98997	-34.58002	60746	San Fernando
-72.99000	-41.33000	24958	Puerto Varas
-73.19469	-41.76052	12490	Calbuco
-73.76233	-42.48076	29926	Castro
-73.79402	-42.63710	381	Chonchi
-71.59136	-35.85067	81015	Linares
-72.31363	-35.97513	31362	Cauquenes
23.69999	37.95002	466065	Piraeus
22.95001	39.36996	110632	Volos
24.01558	35.51221	78728	Hania
24.40176	40.94121	59240	Kavala
25.87441	40.84862	52979	Alexandroupoli
42.72999	42.24999	183945	Kutaisi
43.97503	42.23250	38502	Tskhinvali
34.83001	31.25002	206408	Beer Sheva
28.88334	61.86662	27353	Savonlinna
21.77494	61.47890	76772	Pori
64.07804	45.48773	20065	Zhosaly
52.82147	29.80145	125000	Marv Dasht
54.96289	36.42288	131889	Shahrud
51.64660	35.31659	179603	Varamin
49.29993	31.98000	153663	Masjed Soleyman
48.80001	33.91996	251958	Borujerd
47.70798	30.38916	262219	Az Aubayr
44.92397	31.98894	358408	Ad Diwaniyah
46.17722	31.41753	161949	Ash Shatrah
48.84998	34.31998	176573	Malayer
48.50003	36.67002	357471	Zanjan
44.99998	37.52999	577307	Urmia
47.06291	38.48291	103639	Ahar
47.02001	35.30000	349176	Sanandaj
45.54636	33.74361	29785	Mandali
58.82002	36.22002	221700	Neyshabur
57.32001	37.47000	208582	Bojnurd
55.73002	29.46997	175000	Sirjan
75.98000	31.51997	158142	Hoshiarpur
74.63998	26.45000	589985	Ajmer
78.05001	27.59998	126882	Hathras
80.68324	27.55159	164435	Sitapur
79.81000	28.63999	131008	Pilibhit
79.08999	28.03001	161555	Budaun
78.39495	27.14998	306409	Firozabad
77.67003	27.49999	330511	Mathura
77.84842	28.41037	198612	Bulandshahr
77.76279	28.74366	242920	Hapur
77.69504	29.48501	349706	Muzaffarnagar
88.61665	27.33333	77900	Gangtok
9.39998	56.43334	34831	Viborg
12.08333	55.64997	44285	Roskilde
43.29998	33.42001	295121	Ar Ramadi
44.29000	32.77863	76454	Al Musayyib
19.68003	46.07002	100000	Subotica
-46.14998	-5.81000	30217	Grajau
-44.51998	-5.25003	30330	Presidente Dutra
-44.36002	-3.40001	34943	Itapecuru Mirim
-44.06998	-2.54999	55265	São José de Ribamar
-45.39003	-3.66000	67424	Santa Inês
-44.26002	-2.94004	6798	Rosário
-42.84497	-5.11500	203157	Timon
-47.18000	-1.19002	47766	Capanema
-50.81998	-1.94997	21315	Portel
-49.30002	-5.12001	21301	Itupiranga
-61.20999	-11.64003	25762	Pimenta Bueno
-55.72997	-22.53001	94331	Ponta Porã
-55.18003	-21.61001	22690	Maracaju
-56.15002	-21.47994	23780	Jardim
-51.72001	-20.79001	78712	Três Lagoas
-42.95002	-18.78000	23727	Guanhães
-42.64004	-21.53002	46742	Leopoldina
-43.85002	-19.98004	88399	Nova Lima
-45.94002	-22.22000	115201	Pouso Alegre
-44.57003	-20.06003	77400	Itaúna
-42.14000	-19.79002	60066	Caratinga
-43.60998	-18.23999	37343	Diamantina
-40.35003	-17.83996	37824	Nanuque
-43.77000	-21.22001	122211	Barbacena
-46.56999	-21.78003	146588	Poços de Caldas
-46.70995	-21.29003	47889	Guaxupé
-44.25000	-21.13004	78592	São João del Rei
-42.38998	-21.13004	91173	Muriaé
-46.60998	-20.71002	98752	Passos
-43.79000	-20.67002	111596	Conselheiro Lafaiete
-45.43003	-20.46001	56404	Formiga
-48.94002	-20.03001	40931	Frutal
-50.20002	-19.72997	29805	Iturama
-49.45999	-18.97002	85345	Ituiutaba
-48.19999	-18.64001	96565	Araguari
-40.70001	-16.17003	29333	Almenara
-56.14002	-15.65001	249752	Várzea Grande
-57.51001	-16.05004	85274	Cáceres
-55.53001	-30.88004	89694	Santana do Livramento
-51.17999	-29.92000	600000	Canoas
-56.45995	-30.38002	23229	Quaraí
-53.36998	-33.52004	27775	Santa Vitória do Palmar
-51.98002	-31.36999	25340	São Lourenço do Sul
-50.81001	-29.36003	60806	Canela
-54.32003	-30.32002	55434	São Gabriel
-54.92002	-30.25000	36721	Rosário do Sul
-52.90998	-30.02996	74694	Cachoeira do Sul
-50.26999	-29.88000	34628	Osório
-52.44004	-29.71004	113625	Santa Cruz do Sul
-54.95999	-28.41001	31798	São Luiz Gonzaga
-54.28003	-28.30004	65420	Santo Ângelo
-52.80004	-28.29002	59417	Carazinho
-52.27000	-27.63001	96087	Erechim
-54.26998	-24.08996	36426	Guaira
-51.99999	-26.48000	39150	Palmas
-51.43005	-23.41001	97512	Arapongas
-48.53445	-25.52788	141013	Paranaguá
-49.18001	-25.57003	665063	São José dos Pinhais
-51.48002	-25.38002	150850	Guarapuava
-49.79002	-26.10002	65597	Rio Negro
-51.47002	-23.55000	107085	Apucarana
-49.73000	-25.76004	25621	Lapa
-50.65997	-25.47004	45830	Irati
-50.00998	-24.79003	42091	Castro
-50.62000	-24.32995	58880	Telêmaco Borba
-49.97998	-23.15994	35090	Jacarezinho
-52.03001	-27.23003	55367	Concórdia
-49.08999	-26.92002	293949	Blumenau
-48.93002	-27.12999	88284	Brusque
-49.49999	-28.94000	43444	Araranguá
-49.09998	-26.48000	130130	Jaraguá do Sul
-49.02002	-28.48003	92275	Tubarão
-48.77998	-28.48003	39711	Laguna
-51.49997	-27.17003	38876	Joaçaba
-51.02002	-26.77001	63726	Caçador
-50.40001	-26.17997	41498	Canoinhas
-40.85002	-2.89999	44481	Camocim
-37.97999	-4.94002	39465	Russas
-40.35003	-3.69002	157996	Sobral
-39.29999	-6.35999	70380	Iguatu
-39.02001	-4.96999	49328	Quixadá
-39.30999	-4.35003	42720	Canindé
-42.18002	-4.82003	31739	Campo Maior
-42.29999	-4.25004	21597	Barras
-35.83997	-9.48000	158545	Rio Largo
-36.61664	-9.41660	41095	Palmeira dos Índios
-39.02998	-16.28000	19545	Santa Cruz Cabrália
-38.22169	-9.40297	85350	Paulo Afonso
-41.67003	-14.21000	41989	Brumado
-39.97000	-13.52999	41498	Jaguaquara
-40.24998	-15.24999	59721	Itapetinga
-39.33001	-14.30002	28375	Ubaitaba
-41.12998	-20.85001	187019	Cachoeiro de Itapemirim
-44.16995	-22.56003	169386	Barra Mansa
-43.44519	-22.75505	844583	Nova Iguaçu
-43.30560	-22.79638	842890	Duque de Caxias
-43.10583	-22.88253	1500513	Niterói
-42.03998	-22.88999	261721	Cabo Frio
-41.78999	-22.37999	143029	Macaé
-42.19997	-21.41003	26684	Miracema
-37.80000	-5.65001	16757	Apodi
-36.02998	-6.22000	27775	Santa Cruz
-96.88332	50.15002	9986	Selkirk
-97.03331	52.36656	892	Berens River
-101.31662	55.73328	431	Pukatawagan
-96.99998	50.63330	2623	Gimli
-94.76658	53.96659	10	Island Lake
-102.79999	50.93331	4279	Melville
-103.85000	49.66657	9362	Weyburn
-105.30002	55.10001	3783	La Ronge
-105.83327	59.26658	152	Stony Rapids
-112.81664	53.01670	15808	Camrose
-117.58335	53.39998	10265	Hinton
-112.04997	53.49998	5813	Vegreville
-112.68329	52.33297	5494	Stettler
-111.96470	54.77194	2986	Lac La Biche
-113.38330	52.96657	11823	Wetaskiwin
-117.68298	59.03328	200	Meander River
-116.51670	49.09996	4816	Creston
-115.76667	49.51668	18610	Cranbrook
-128.58333	54.49999	19443	Terrace
-121.94998	49.16665	51942	Chilliwack
-81.23608	68.76747	654	Hall Beach
-110.73333	62.40005	102	Lutselke
-115.78834	60.81428	3900	Hay River
-123.41666	65.18335	525	Doline
-123.98332	69.38332	294	Paulatuk
-133.74999	67.43329	175	Tsiigehtchic
-80.94466	44.56523	22625	Owen Sound
-79.41666	44.59998	37483	Orillia
-82.43332	49.41669	9240	Kapuskasing
-83.55000	46.24998	1464	Thessalon
-86.94187	49.72241	1290	Geraldton
-77.38335	44.16667	43990	Belleville
-82.39997	42.96664	144172	Sarnia
-78.33326	44.29997	83627	Peterborough
-78.84998	43.88000	450963	Oshawa
-81.24999	42.97000	346765	London
-80.50001	43.45000	417001	Kitchener
-79.66665	47.50001	5203	New Liskeard
-75.69531	44.58928	26458	Brockville
-89.88328	52.94998	10	Big Beaver House
-64.34799	49.82258	263	Port-Menier
-69.53331	47.83329	16403	Rivière-du-Loup
-72.48336	45.88334	59489	Drummondville
-71.89999	45.40001	139652	Sherbrooke
-66.68331	49.09996	1484	Cap-Chat
-68.15799	49.22267	10435	Baie-Comeau
-61.81066	50.19134	722	Natashquan
-78.51669	52.23333	335	Eastmain
-66.81666	54.80000	471	Schefferville
-75.65950	62.18260	106	Salluit
-78.11666	48.56663	10516	Amos
-73.43331	46.03333	45361	Joliette
-73.99999	45.76665	78439	St.-Jerome
-58.64700	51.24231	3961	St-Augustin
-79.03325	48.25001	24602	Rouyn-Noranda
-79.20003	48.80000	7206	La Sarre
-62.63332	45.58328	20322	New Glasgow
-64.72001	44.03996	4331	Liverpool
-64.21658	45.81657	9336	Amherst
-60.75398	46.09999	852	Baddeck
-57.42692	49.17440	4163	Deer Lake
-55.58300	49.96701	817	La Scie
-60.21667	55.44996	442	Hopedale
-60.30000	53.29999	7572	Happy Valley - Goose Bay
-56.30001	52.53329	197	Port Hope Simpson
20.92000	44.01996	171197	Kragujevac
20.39947	45.37864	64053	Zrenjanin
-72.21960	-51.58929	5300	28 de Noviembre
-70.25001	-48.76660	2519	Gobernador Gregores
-68.90347	-49.97455	410	Comondante Luis Piedrabuena
-70.26657	-45.68338	1825	Paso Río Mayo
-70.83328	-45.03329	1548	Alto Rio Sanguer
-71.16662	-42.05001	4269	El Maitén
-65.04002	-42.77001	64555	Puerto Madryn
-65.32995	-43.25004	93442	Trelew
-68.80168	-32.82504	66663	Las Heras
-68.49002	-33.06999	117399	San Martín
-69.34598	-32.59311	2390	Uspallata
-69.24002	-38.94002	47814	Cutral Có
-65.83997	-17.55000	26323	Punata
-65.92999	-17.59000	15816	Cliza
-66.28000	-17.39999	227052	Quillacollo
-64.78001	-16.87004	1778	Puerto Villarroel
-64.91995	-19.18003	2428	Tarabuco
-65.41000	-10.83000	36008	Guayaramerín
-65.57996	-13.76000	234478	Santa Ana
-63.58006	-13.58001	2422	Baures
-49.10999	-17.73004	34143	Morrinhos
-49.60520	-15.30332	18759	Ceres
-47.95000	-18.18004	63544	Catalão
-47.61003	-16.77000	36531	Cristalina
-49.49999	-16.65001	97521	Trindade
-51.12999	-16.45002	28254	Iporá
-49.49999	-16.36000	44058	Inhumas
-49.80997	-16.01997	22129	Itaberaí
-62.07997	-38.87997	57209	Punta Alta
-60.24000	-33.33002	127742	San Nicolas
-58.95998	-34.16000	81612	Campana
-60.48999	-34.65004	34587	Chacabuco
-59.44003	-34.66002	52949	Mercedes
-61.53995	-34.88000	24798	Lincoln
-60.03999	-34.89995	54514	Chivilcoy
-60.17998	-35.43000	24668	Veinticinco de Mayo
-60.88999	-35.44596	34718	Nueve de Julio
-57.68998	-36.33004	25190	Dolores
-62.68332	-39.48334	7100	Pedro Luro
-60.26995	-38.36997	47136	Tres Arroyos
-61.91662	-37.46662	27000	Coronel Suárez
-58.24999	-37.83331	18967	Balcarce
-67.68330	-37.80003	17430	25 de Mayo
-67.60997	-39.01996	73212	General Roca
-70.26657	-41.03332	741	Comallo
-69.58331	-41.30003	5719	Ingeniero Jacobacci
-64.43329	-40.10005	2958	General Conesa
-65.68331	-39.26661	10000	Choele Choel
-62.08997	-31.43003	59062	San Francisco
-64.42998	-31.65999	40384	Alta Gracia
-63.26002	-32.41003	92453	Villa María
-62.67996	-32.60004	35105	Bell Ville
-64.48328	-32.18332	1269	Villa Rumipal
-64.50000	-31.42001	69451	Villa Carlos Paz
-66.23331	-28.86662	2572	Chumbicha
-67.56658	-28.06662	587	Tinogasta
-65.69998	-22.71666	4480	Abra Pampa
-65.34995	-23.19999	11369	Humahuaca
-66.48332	-23.41667	1093	Susques
-66.59995	-31.34999	6020	Chepes
-63.70000	-22.03004	82803	Yacuíba
-63.81002	-22.55001	60819	Tartagal
-64.18335	-25.08334	13376	Joaquín V. González
-65.04997	-24.66662	19828	General Guemes
-65.28331	-26.21666	1599	Trancas
-60.45002	-26.79001	81879	Presidencia Roque Saenz Pena
-61.16659	-26.51659	2921	Pampa del Infierno
-60.71667	-27.58329	30051	Villa Ángela
-61.84998	-23.90000	6453	Ingeniero Guillermo N. Juarez
-59.68332	-25.33330	4277	Comandante Fontana
-62.29998	-22.47999	6143	Doctor Pedro P. Peña
-58.76999	-28.12000	47626	San Lorenzo
-58.80999	-27.48996	340823	Corrientes
-58.24000	-32.48000	67895	Concepción del Uruguay
-60.17998	-32.61001	25139	Victoria
-59.34001	-33.15003	33120	Gualeguay
-60.53334	-31.73332	262295	Paraná
-60.35002	-33.23003	44271	Villa Constitución
-61.49998	-31.25005	88713	Rafaela
-46.52782	-23.65283	662373	Santo André
-45.47003	-22.91996	132218	Pindamonhangaba
-47.56003	-22.40996	180147	Rio Claro
-49.86999	-22.97003	97799	Ourinhos
-46.80002	-24.17998	90385	Itanhaem
-48.32998	-21.25004	69394	Jaboticabal
-46.53339	-22.95272	127676	Bragança Paulista
-46.87999	-23.19999	505548	Jundiaí
-45.87995	-23.19999	753769	São José dos Campos
-45.18999	-22.81996	203580	Guaratinguetá
-47.42998	-21.99004	60413	Pirassununga
-47.32999	-22.74994	479472	Americana
-47.64113	-22.72966	342209	Piracicaba
-46.79000	-21.98002	76540	São João da Boa Vista
-47.88998	-22.02001	205035	São Carlos
-50.51995	-21.92999	62035	Tupã
-50.08000	-21.41003	54477	Penápolis
-51.39000	-22.12001	209502	Presidente Prudente
-47.83998	-24.49004	53273	Registro
-47.86001	-23.35001	93580	Tatuí
-48.93002	-23.11003	81285	Avaré
-49.65998	-22.22000	41302	Garça
-48.97997	-21.14002	109612	Catanduva
-47.59000	-20.89000	51976	Batatais
-48.58002	-20.55003	101220	Barretos
-49.95001	-22.21003	212218	Marília
-47.30002	-23.26004	320170	Itu
-48.04000	-23.59000	126243	Itapetininga
-54.59998	-26.20002	17365	Eldorado
-35.02004	-8.11001	702621	Jaboatao
-34.84995	-7.99999	921840	Olinda
-35.02999	-8.29000	146219	Cabo de Santo Agostinho
-35.25389	-7.84746	165579	Carpina
-37.07000	-8.42002	57163	Arcoverde
-88.22000	16.97003	10750	Dangriga
19.49823	40.47736	89546	Vlorë
20.08383	41.12151	165010	Elbasan
43.84749	40.78943	148381	Gyumri
3.70002	51.03000	444336	Gent
44.48828	40.81277	101098	Vanadzor
46.35003	40.68500	303268	Ganca
47.15003	40.61720	53716	Yevlax
49.62998	40.58002	279159	Sumqayt
62.59178	34.48677	17484	Karokh
65.73830	36.65798	93241	Sheberghan
68.70112	35.95107	56369	Pol-e Khomri
89.92003	24.24998	180144	Tangail
-67.72998	-17.33002	1006	Sica Sica
-67.56000	-14.46001	11749	Rurrenabaque
-68.66006	-15.79001	2190	Sorata
-68.66657	-16.08332	8447	Achacachi
-68.29995	-16.65001	34776	Viacha
-67.22002	-16.98001	4045	Quime
-66.64000	-18.42003	28069	Llallagua
-66.57003	-18.47000	4723	Uncia
-66.82999	-20.46001	12939	Uyuni
-67.78334	-20.76655	10	Villa Martin
-65.45002	-19.55996	4847	Betanzos
-63.40002	-17.36004	11485	Portachuelo
-63.77002	-18.18004	2926	Samaipata
-63.52998	-20.45003	953	Cuevo
-63.73000	-17.39999	6353	San Carlos
-64.77001	-21.47994	3000	San Lorenzo
-64.18999	-21.53002	2685	Entre Ríos
26.33001	42.67937	96368	Sliven
24.75398	42.15398	340494	Plovdiv
23.02272	42.60999	82467	Pernik
23.56253	43.20998	71633	Vratsa
26.92935	43.27001	87283	Shumen
16.24995	47.81598	82762	Wiener Neustadt
26.01344	53.13685	168772	Baranavichy
28.78598	55.48939	82258	Polatsk
26.86533	54.31879	101300	Maladzyechna
91.87361	24.90356	237000	Sylhet
151.30000	-33.42004	3026	Central Coast
153.05003	-26.67999	71043	Sunshine Coast
17.91998	44.21997	164423	Zenica
5.58001	50.63000	749110	Liège
70.99040	20.71967	23779	Diu
55.01074	24.97624	80000	Jabal Ali
58.87676	20.65615	8500	Hilf
35.09557	31.54059	280321	Al Khalil
33.95001	35.12503	42526	Famagusta
145.93333	-30.10000	2475	Bourke
-125.86212	49.09862	1655	Tofino
-5.11208	56.81648	9652	Fort William
16.18333	54.20000	107450	Koszalin
142.76977	63.42145	500	Oymyakon
-58.86386	-62.17389	60	Artigas Base
120.54389	23.70750	106653	Douliou
121.21678	24.96503	1632616	Zhongli
121.73328	25.13326	500000	Keelung
120.68333	23.91667	165000	Nantou
120.24194	23.46111	50000	Puzi
174.91231	-41.20374	102400	Lower Hutt
174.99893	-40.90344	25263	Paraparaumu
174.85235	-41.12189	52500	Porirua
175.58532	-37.13842	6756	Thames
174.90331	-37.20149	26300	Pukekohe
174.27797	-39.57947	11100	Hawera
173.27268	-35.10993	5202	Kaitaia
173.68969	-42.40118	2172	Kaikoura
168.96038	-46.09468	9750	Gore
167.75846	-45.40736	1857	Te Anau
168.16659	-46.88765	310	Oban
175.87047	-38.22451	13350	Tokoroa
169.14485	-44.69801	5037	Wanaka
174.01656	-41.28052	2928	Picton
-176.35075	-44.03267	300	Waitangi
-172.49767	-8.54862	524	Atafu
-169.91362	-19.06599	581	Alofi
-177.92641	-29.24651	0	Raoul Island Station
175.47027	-37.88943	15192	Cambridge
173.95067	-35.22848	5856	Kerikeri
175.81424	-38.98889	3240	Turangi
-58.29999	-33.98962	16921	Carmelo
-57.59996	-30.25961	22723	Bella Unión
-58.02998	-33.25953	42359	Mercedes
-54.17999	-32.35949	55494	Melo
-55.56000	-30.89957	200000	Rivera
-54.20001	-33.66959	6976	Lascano
-53.82998	-34.16961	7686	Castillos
-92.53640	47.52367	8709	Virginia
-91.63920	44.05042	32897	Winona
-92.46969	44.02205	108511	Rochester
-93.24251	44.65010	261308	Lakeville
-91.82570	47.90042	3731	Ely
-96.74219	46.87431	35528	Moorhead
-94.16222	45.56121	112794	St. Cloud
-105.83998	46.40888	8615	Miles City
-111.03783	45.68009	44921	Bozeman
-106.63526	48.18397	3240	Glasgow
-102.78880	46.88400	16399	Dickinson
-98.70298	46.90601	15081	Jamestown
-103.62800	48.15679	13564	Williston
-159.36927	21.97555	15536	Lihue
-158.02362	21.50309	174766	Wahiawa
-156.50472	20.89147	52148	Wailuku
-111.29691	42.32262	2997	Montpelier
-114.46057	42.56095	47315	Twin Falls
-116.67054	43.66096	132476	Caldwell
-113.89500	45.17568	3601	Salmon
-116.77945	47.67808	34514	Coeur d'Alene
-119.29110	46.29181	44869	Richland
-122.48693	48.76014	99662	Bellingham
-122.93695	46.13872	66231	Longview
-118.34188	46.06516	45150	Walla Walla
-123.81439	46.97490	32745	Aberdeen
-122.64202	47.57360	126820	Bremerton
-122.19997	47.96042	486903	Everett
-114.56749	35.14818	37989	Bullhead City
-110.69682	35.02361	9931	Winslow
-112.72465	32.95038	2088	Gila Bend
-110.06688	31.71314	1570	Tombstone
-109.83140	32.25321	5146	Willcox
-111.92542	33.48854	15401	Scottsdale
-114.05222	35.18988	42182	Kingman
-112.13859	36.05479	1550	Grand Canyon
-124.08276	40.86271	20905	Arcata
-121.28974	37.95813	685306	Stockton
-117.02189	34.89902	21119	Barstow
-117.29032	34.53651	83496	Victorville
-118.13887	34.16038	144618	Pasadena
-119.31601	36.32503	121968	Visalia
-115.55805	32.79238	45000	El Centro
-120.65859	35.28318	65386	San Luis Obispo
-120.48193	37.30262	96091	Merced
-121.61577	39.14103	116217	Yuba City
-122.39058	40.58704	96058	Redding
-122.69999	38.45040	231792	Santa Rosa
-117.34581	33.19150	609854	Oceanside
-120.98999	37.65541	323386	Modesto
-117.82995	33.68041	3010232	Irvine
-123.21086	39.15424	27828	Ukiah
-114.61335	34.84843	6974	Needles
-118.39408	37.36396	4827	Bishop
-116.53305	33.77736	390115	Palm Springs
-120.43664	34.94013	110705	Santa Maria
-119.34412	36.20703	55908	Tulare
-122.30939	41.31036	3855	Mt. Shasta
-124.20049	41.75646	11534	Crescent City
-105.05887	40.56069	228385	Fort Collins
-104.63001	38.28039	112195	Pueblo
-102.61941	38.08650	8620	Lamar
-104.50640	37.17133	9156	Trinidad
-106.92829	38.54476	7324	Gunnison
-107.87999	37.27564	23233	Durango
-107.86552	38.47727	21789	Montrose
-107.55040	40.51728	9391	Craig
-105.24454	40.00814	122274	Boulder
-114.83158	35.97895	15479	Boulder City
-117.73468	40.97338	9666	Winnemucca
-104.52247	33.39454	46096	Roswell
-103.20477	34.40507	33792	Clovis
-106.77781	32.31261	115167	Las Cruces
-103.14061	32.71261	28738	Hobbs
-106.89899	34.06212	8668	Socorro
-108.73399	35.52407	23800	Gallup
-104.43989	36.89740	7073	Raton
-103.72551	35.16980	5313	Tucumcari
-123.35610	43.21843	30479	Roseburg
-118.78749	45.67260	16799	Pendleton
-118.95203	44.41653	1573	John Day
-123.32719	42.43954	46189	Grants Pass
-123.27998	44.57236	59030	Corvallis
-123.08694	44.62049	51376	Albany
-123.83000	46.18838	10011	Astoria
-111.83360	41.73594	72490	Logan
-112.82721	37.84253	2571	Parowan
-112.52549	37.04739	3442	Kanab
-109.34220	37.87178	1864	Monticello
-109.54919	38.57370	5730	Moab
-110.81002	39.59979	10281	Price
-113.06109	37.67743	27738	Cedar City
-109.52800	40.45540	14353	Vernal
-111.96803	41.23238	377224	Ogden
-109.46498	41.51456	11358	Green River
-107.23429	41.79066	8533	Rawlins
-105.38453	42.75647	6298	Douglas
-108.39505	43.02816	11508	Riverton
-108.21467	43.64598	3445	Thermopolis
-105.50525	44.28317	29113	Gillette
-90.70416	35.84258	58619	Jonesboro
-94.03748	33.44210	74414	Texarkana
-92.00305	34.22870	53217	Pine Bluff
-93.05500	34.50395	44182	Hot Springs
-94.39836	35.38622	93988	Fort Smith
-94.15721	36.06298	151671	Fayetteville
-92.45132	35.09128	61995	Conway
-92.66252	33.21393	22416	El Dorado
-90.58753	41.55399	255738	Davenport
-91.11277	40.80793	29773	Burlington
-90.66445	42.50093	62483	Dubuque
-92.34280	42.49315	98347	Waterloo
-96.39999	42.50039	90932	Sioux City
-95.86080	41.26227	101805	Council Bluffs
-93.62309	42.01867	57104	Ames
-93.20083	43.15402	27802	Mason City
-96.18138	38.40423	29048	Emporia
-97.60718	38.82467	48031	Salina
-100.01820	37.76006	25932	Dodge City
-95.62632	37.03806	11760	Coffeyville
-90.50617	38.78428	360485	St. Charles
-90.40268	36.76020	20662	Poplar Bluff
-94.51308	37.08460	73763	Joplin
-92.33391	38.95208	398093	Columbia
-94.84639	39.76903	78012	St. Joseph
-100.62617	40.20559	8012	McCook
-97.43360	42.02871	25030	Norfolk
-100.77050	41.13629	25247	North Platte
-102.97827	41.13980	6492	Sidney
-103.66069	41.86751	25475	Scottsbluff
-103.00308	42.82791	5798	Chadron
-98.40997	34.59904	91752	Lawton
-97.44199	35.22047	113525	Norman
-95.36943	35.74822	39295	Muskogee
-97.08527	36.70736	25273	Ponca City
-96.93378	35.34279	29628	Shawnee
-99.39769	36.43342	12931	Woodward
-101.47950	36.68581	11178	Guymon
-97.39249	42.88202	15580	Yankton
-96.78803	44.30676	22411	Brookings
-98.02620	43.71429	15205	Mitchell
-98.48640	45.46512	26041	Aberdeen
-100.43471	45.54013	3156	Mobridge
-90.71949	29.59593	64592	Houma
-92.11919	32.50960	101724	Monroe
-95.45586	30.31206	41643	Conroe
-94.65527	31.60374	30691	Nacogdoches
-100.48928	28.71102	53276	Eagle Pass
-98.15996	26.30319	150000	Edinburg
-97.85585	27.51596	25264	Kingsville
-93.92859	29.89899	56945	Port Arthur
-95.55059	30.72377	35590	Huntsville
-97.72748	31.11728	137919	Killeen
-94.72888	31.33844	43264	Lufkin
-100.89638	29.36295	36068	Del Rio
-100.43670	31.46401	88256	San Angelo
-96.60858	33.63600	40284	Sherman
-94.10168	30.08626	111485	Beaumont
-95.96436	28.98111	18663	Bay City
-96.62969	28.61602	11743	Port Lavaca
-98.14490	27.22690	5349	Falfurrias
-97.75084	28.40598	13004	Beeville
-102.88500	30.89169	7721	Fort Stockton
-103.49989	31.41579	8372	Pecos
-101.96689	35.86240	13629	Dumas
-97.12884	33.21576	176930	Denton
-102.09750	32.03072	98501	Midland
-97.36301	31.10209	61161	Temple
-70.44000	9.38040	50353	Trujillo
-71.50395	10.53183	31810	Santa Rita
-72.54995	10.07043	62968	Machiques
-71.91999	9.01039	97288	San Carlos del Zulia
-68.00653	10.45971	174000	Puerto Cabello
-69.20002	9.58038	260921	Acarigua
-72.90000	41.33038	846766	New Haven
-71.31669	42.63369	723629	Lowell
-71.80002	42.27043	287365	Worcester
-71.45529	42.99599	196566	Manchester
-71.31336	41.49040	45968	Newport
-85.39059	31.22346	61741	Dothan
-87.54418	33.22512	121373	Tuscaloosa
-86.00665	34.01455	41709	Gadsden
-85.84400	31.32782	24205	Enterprise
-87.02116	32.40757	20126	Selma
-80.29108	25.71542	150000	Coral Gables
-81.97968	26.60291	132489	Cape Coral
-81.79499	26.14206	262306	Naples
-80.32581	27.44679	228245	Fort Pierce
-81.40778	28.29206	225494	Kissimmee
-80.80779	28.61235	52311	Titusville
-81.31471	29.89488	76331	St. Augustine
-82.14027	29.18735	141382	Ocala
-80.14178	26.13606	2042042	Fort Lauderdale
-84.99252	29.72561	2284	Apalachicola
-80.39112	27.64225	86039	Vero Beach
-83.27860	30.83286	61179	Valdosta
-84.15583	31.57873	88766	Albany
-83.37802	33.96130	110301	Athens
-83.63005	32.85038	115592	Macon
-84.98002	32.47043	217980	Columbus
-82.85069	31.50778	13441	Douglas
-82.91828	32.53746	22623	Dublin
-89.09276	30.36756	82165	Gulfport
-89.29024	31.32727	58874	Hattiesburg
-88.70333	34.25792	35956	Tupelo
-91.06169	33.41038	38107	Greenville
-91.38751	31.55480	23863	Natchez
-79.76279	34.19568	57438	Florence
-82.39415	34.85292	350954	Greenville
-80.34172	33.92065	50868	Sumter
-82.65026	34.50375	61558	Anderson
-81.72060	33.54946	46196	Aiken
-80.68950	32.43217	31626	Beaufort
-81.03000	34.94038	94564	Rock Hill
-88.95474	39.84071	77868	Decatur
-90.18422	38.89100	84276	Alton
-91.40973	39.93597	47108	Quincy
-88.20419	40.10999	144074	Urbana
-88.99360	40.48459	128979	Bloomington
-87.86111	41.12037	69608	Kankakee
-87.84473	42.36404	200000	Waukegan
-88.30000	41.76539	350000	Aurora
-89.22025	37.72683	32444	Carbondale
-90.00023	38.52515	143900	Belleville
-86.52641	39.16566	100310	Bloomington
-85.38638	40.19376	85449	Muncie
-86.13364	40.48676	61121	Kokomo
-87.33000	41.58039	591180	Gary
-85.12998	41.08040	299871	Fort Wayne
-84.50860	39.08401	585489	Covington
-86.44365	36.99070	71140	Bowling Green
-88.60000	37.08372	41317	Paducah
-87.11332	37.77458	67825	Owensboro
-77.43056	34.75432	77288	Jacksonville
-77.99305	35.38514	47602	Goldsboro
-77.36668	35.61288	92565	Greenville
-78.88700	35.05111	243306	Fayetteville
-81.34140	35.73349	89462	Hickory
-82.55415	35.60120	142755	Asheville
-80.26000	36.10543	281683	Winston-Salem
-75.70472	36.07732	3413	Kitty Hawk
-81.52000	41.07040	703200	Akron
-84.10527	40.74287	68364	Lima
-84.26972	36.01066	33556	Oak Ridge
-86.39027	35.84596	115774	Murfreesboro
-87.35943	36.53008	132536	Clarksville
-88.81389	35.61487	63196	Jackson
-77.05521	38.80434	127273	Alexandria
-77.46079	38.30351	133134	Fredericksburg
-79.94162	37.27120	198171	Roanoke
-79.39532	36.58625	45894	Danville
-78.16663	39.17873	53941	Winchester
-82.17600	36.61152	37443	Bristol
-92.10390	46.72124	27580	Superior
-88.18334	43.42571	34530	West Bend
-88.44691	43.77344	54299	Fond du Lac
-88.54251	44.02510	72698	Oshkosh
-89.41207	45.63991	11483	Rhinelander
-87.81183	42.72771	131654	Racine
-87.63048	45.10039	27169	Marinette
-80.72108	40.06431	52492	Wheeling
-79.95606	39.62982	58808	Morgantown
-82.44529	38.41958	85396	Huntington
-81.18301	37.78019	37836	Beckley
-75.54690	39.74627	161560	Wilmington
-78.76277	39.65317	21316	Cumberland
-74.42332	39.36464	76573	Atlantic City
-74.17001	40.70042	280123	Newark
-73.93997	42.81458	149255	Schenectady
-75.91832	42.09902	139895	Binghamton
-75.23307	43.10118	105150	Utica
-75.91106	43.97516	33821	Watertown
-79.03694	43.09482	153134	Niagara Falls
-79.23554	42.09736	45756	Jamestown
-76.80804	42.09013	62376	Elmira
-76.72804	39.96292	218010	York
-78.92222	40.32708	69286	Johnstown
-75.66268	41.40929	156196	Scranton
-77.86025	40.79372	87926	State College
-80.08499	42.12992	178182	Erie
-75.87794	41.24904	158913	Wilkes-Barre
-56.99000	5.95042	15992	Nieuw Nickerie
-62.41000	8.02043	53685	Upata
-62.53332	7.35039	2215	El Manteco
-66.25448	9.33597	15000	Chaguaramas
-64.72001	10.13038	600954	Barcelona
-64.26002	8.89035	197440	El Tigre
-66.96998	10.60040	315442	Maiquetía
-67.43998	8.93040	117132	Calabozo
-65.32000	9.34040	41483	Zaraza
-66.37999	9.85042	40052	Altagracia de Orituco
-62.06000	9.06049	51534	Tucupita
-63.84999	10.96038	196934	Porlamar
-55.02001	5.04038	8340	Brokopondo
-56.31998	5.89043	1685	Totness
-68.20437	44.38790	6090	Bar Harbor
-70.21526	44.10070	57688	Lewiston
-68.01246	46.67558	9466	Presque Isle
-83.71999	42.30038	265976	Ann Arbor
-85.58719	42.29216	183381	Kalamazoo
-86.24836	43.23458	101177	Muskegon
-83.68754	43.01286	295212	Flint
-85.66995	42.96372	535829	Grand Rapids
-83.29022	42.65185	67994	Pontiac
-85.41361	44.25121	14097	Cadillac
-85.62217	44.76844	43189	Traverse City
-84.95519	45.37375	12667	Petoskey
-87.06436	45.74569	17318	Escanaba
-87.40659	46.54673	26591	Marquette
-88.58080	47.12729	16355	Hancock
-2.42999	36.83035	179405	Almería
-4.42000	36.72041	550058	Málaga
-3.79998	37.77039	116400	Jaén
-6.92995	37.25037	144174	Huelva
-1.87000	39.00034	158094	Albacete
-4.01672	39.86704	74632	Toledo
-3.16659	40.63371	72850	Guadalajara
-3.79998	43.38047	208763	Santander
-5.67000	40.97040	162353	Salamanca
-3.67997	42.35040	170183	Burgos
0.63003	6.90039	100479	Kpalimé
1.15000	8.99047	117811	Sokodé
0.47081	10.35956	42626	Mango
11.22003	33.14039	19843	Ben Gardane
11.09998	33.51040	159161	Zarzis
10.70001	32.01705	3525	Dehibat
1.24999	41.12037	126291	Tarragona
8.12998	33.93042	39504	Tozeur
9.19002	36.73040	59567	Béja
9.85500	37.29042	139843	Bizerte
10.73003	36.46034	115149	Nabeul
8.71476	36.18263	47979	El Kef
8.82999	35.18040	81987	Qasserine
10.09999	33.90042	219517	Gabès
8.78002	34.42044	126803	Gafsa
10.09999	35.68039	144522	Qairouan
35.88658	34.88463	162980	Tartus
39.01998	35.93038	177636	Ar Raqqah
36.73000	35.15035	460602	Hamah
38.28334	34.55041	55111	Tadmur
40.91863	34.45041	80808	Abu Kamal
40.13000	35.33039	309141	Dayr az Zawr
36.56659	32.70042	72248	As Suwayda
36.73330	34.01703	50178	Ad Nabk
34.34999	11.77040	186051	Ad Damazīn
36.38418	18.33623	20000	Haiya
43.31554	14.19509	152504	Zabīd
43.60213	15.69174	208287	Hajjah
44.88376	13.05818	66288	Lahij
8.28000	47.05042	250000	Luzern
8.96668	46.00038	105388	Lugano
-132.37160	56.47127	2070	Wrangell
-166.07189	66.25697	254	Shishmaref
-135.43862	58.11541	361	Hoonah
-174.20049	52.19649	61	Atka
-168.86769	52.93843	18	Nikolski
-154.45503	57.57229	96	Karluk
-163.41502	54.85121	35	False Pass
-164.48590	67.73149	374	Kivalina
-154.89720	59.72035	160	Newhalen
-157.56913	57.56456	68	Pilot Point
-158.40223	56.29567	118	Chignik
-156.66138	58.68870	292	King Salmon
-161.91579	59.74923	250	Quinhagak
-159.52219	61.57871	501	Aniak
-163.55328	63.03459	1002	Kotlit
-160.78805	63.87343	741	Unalakleet
-161.15747	64.94027	254	Koyuk
-155.59579	62.95681	138	McGrath
-154.25499	66.04918	78	Hughes
-157.85141	67.08648	258	Ambler
-168.08750	65.60960	99	Wales
-162.59660	66.89869	3194	Kotzebue
-149.43944	61.58173	8521	Wasilla
-144.06052	65.82589	100	Circle
-148.91410	63.73310	1826	Denali Park
-139.72722	59.54731	109	Yakutat
-151.54828	59.64293	6560	Homer
-143.34640	63.38570	136	Tanacross
-150.10749	67.41047	14	Wiseman
16.36659	61.35200	13398	Bollnäs
17.16664	60.66698	68635	Gävle
16.36659	56.66702	35024	Kalmar
14.81671	56.88370	59600	Växjö
15.21999	59.28035	98573	Örebro
16.17869	58.59543	88639	Norrköping
12.85559	56.67177	55657	Halmstad
13.49994	59.36714	74141	Karlstad
20.95003	64.77208	31311	Skellefteå
18.30001	57.63365	22593	Visby
34.40001	45.71704	43879	Dzhankoy
33.36307	45.19689	105223	Yevpatoriya
36.48810	45.36851	152195	Kerch
34.09873	44.94915	358108	Simferopol
32.60066	46.63254	320477	Kherson
31.33332	47.55036	43996	Voznesensk
31.89029	51.05408	116288	Nizhyn
26.25281	50.61659	255106	Rivne
25.92156	48.30531	298251	Chernivtsi
24.70939	48.93475	241239	Ivano-Frankivsk
25.58215	49.53598	244768	Ternopil
25.33338	50.74720	213661	Lutsk
24.71662	51.21707	71301	Kovel
32.07090	49.43472	297568	Cherkasy
32.26029	48.50405	249454	Kirovohrad
28.83735	45.35034	83194	Izmayil
28.48156	49.22538	352115	Vinnytsya
28.65002	50.95042	72984	Korosten
33.47965	51.87341	96825	Shostka
34.40621	47.56659	130500	Nikopol
37.59806	49.72178	78870	Kupyansk
38.42736	48.92041	124421	Lysychansk
39.33438	48.56976	452000	Luhansk
34.57028	49.57404	317847	Poltava
33.42963	49.08353	232742	Kremenchuk
35.37747	46.83783	158000	Melitopol
52.16378	16.23941	27404	Al Ghaydah
44.83410	14.42949	45233	Rida
54.02393	12.65188	11396	Hadiboh
48.78735	15.94299	68747	Saywun
55.94278	25.79154	160849	Ras al Khaymah
56.33748	25.12344	94163	Al Fujayrah
55.74000	24.23047	408733	Al Ayn
54.36494	39.51238	110827	Balkanabat
59.60002	37.35034	38381	Kaka
64.54577	39.72107	107566	Kogon
60.35574	41.39113	149751	Khiwa
59.77076	42.93114	36917	Chimboy
58.90001	43.07041	57758	Qunghirot
64.20181	41.58223	63543	Zarafshon
65.35497	40.11041	214828	Navoi
65.19973	37.82481	33242	Atamyrat
66.83147	39.06179	498545	Shahrisabz
65.80000	38.87043	386361	Qarshi
70.94000	40.54040	350000	Qoqon
68.68897	37.97940	8925	Kuybyshevskiy
69.77573	37.92116	115164	Kulob
69.00146	39.92192	156621	Uroteppa
67.83001	40.10038	235352	Jizzax
70.15493	41.03037	202070	Angren
69.59502	40.85044	121207	Olmaliq
99.18722	10.51268	85686	Chumphon
99.72863	8.15396	28223	Thung Song
99.60802	7.56340	147820	Trang
101.28507	6.55049	148140	Yala
99.82645	19.91187	117127	Chiang Rai
99.48126	18.29156	204081	Lampang
100.77146	18.78685	82483	Nan
99.90831	19.17070	21058	Phayao
100.16292	18.15330	38538	Phrae
100.27289	16.82831	164017	Phitsanulok
99.75152	17.01187	10276	Sukhothai
100.09719	17.63162	76630	Uttaradit
99.52203	14.01742	63699	Kanchanaburi
98.57077	16.71617	45781	Mae Sot
99.12934	16.88474	33146	Tak
100.02644	15.38186	22219	Uthai Thani
100.61860	14.80402	57761	Lop Buri
101.37680	14.05722	79757	Prachin Buri
100.56842	14.35880	145615	Ayutthaya
100.53334	14.01712	154412	Pathum Thani
100.87998	14.53036	70769	Saraburi
100.48331	13.83369	258550	Nonthaburi
99.94118	13.11329	90497	Phetchaburi
99.94433	12.56971	50456	Hua Hin
99.82155	13.54190	106996	Ratchaburi
100.61147	13.60691	388920	Samut Prakan
104.32985	15.12025	44751	Sisaket
107.10001	20.96041	172915	Hong Gai
107.32000	21.04043	135477	Cẩm Phả
100.92866	13.15903	178916	Si Racha
100.99997	13.40041	226618	Chon Buri
102.09789	12.61327	99819	Chanthaburi
102.49694	13.68235	22472	Aranyaprathet
101.28146	12.67185	37035	Rayong
103.11664	15.00044	47292	Buriram
102.03862	15.80401	58350	Chaiyaphum
102.41860	15.58402	18269	Bua Yai
103.49145	14.88683	62536	Surin
101.73151	17.49189	35273	Loei
102.74788	17.87326	104505	Nong Khai
104.14790	17.16790	76237	Sakhon Nakhon
102.78932	17.40476	247231	Udon Thani
103.96600	22.50135	67206	Lao Chi
105.33831	20.81370	105260	Hoa Binh
105.50502	21.13818	189547	Sơn Tây
105.97502	20.25430	130517	Ninh Bình
105.42999	21.33041	350000	Việt Trì
106.20002	21.26701	53728	Bắc Giang
104.76946	17.39448	55377	Nakhon Phanom
105.90004	18.33378	165396	Hà Tĩnh
108.04998	12.66704	349945	Buon Me Thuot
108.41999	11.93042	256019	Da Lat
108.98331	11.56703	179773	Phan Rang
106.60005	11.65039	40279	Hon Quan
107.98332	14.38376	105489	Kon Tum
108.82999	15.15043	250000	Quảng Ngãi
107.20001	16.75036	72722	Quảng Trị
101.82142	6.43184	68112	Narathiwat
107.08498	10.35537	248767	Vung Tau
108.10006	10.93374	336846	Phan Thiet
105.42002	10.38039	350000	Long Xuyen
105.11667	10.70039	70239	Châu Đốc
105.09135	10.01539	300000	Rạch Giá
106.41670	10.53374	137498	Tan An
106.35004	10.35041	124143	Mỹ Tho
105.72000	9.28037	225000	Bạc Liêu
105.15000	9.17736	356636	Cà Mau
105.98003	9.60374	300000	Sóc Trăng
104.98335	22.83366	38362	Ha Giang
29.08002	-9.77952	20589	Kawambwa
28.73002	-9.34957	23693	Nchelenge
32.06000	-10.54960	14015	Chinsali
31.17995	-10.19960	200000	Kasama
28.66000	-13.96960	37942	Kapiri Mposhi
27.07002	-14.97962	19086	Mumbwa
27.85002	-12.53961	182015	Chingola
27.82000	-12.36960	82068	Chililabombwe
30.81000	-14.54951	1336	Nyimba
33.17001	-12.28955	11635	Lundazi
32.64001	-13.62957	85963	Chipata
24.44000	-11.73956	13798	Mwinilunga
25.82002	-13.45961	5622	Kasempa
26.39998	-12.17958	65000	Solwezi
26.97002	-16.80948	46746	Choma
23.12002	-15.27960	52534	Mongu
24.79997	-14.77963	14212	Kaoma
24.30000	-17.46954	20149	Sesheke
23.24002	-14.38958	3349	Lukulu
22.68000	-14.98959	7731	Kalabo
23.27004	-16.11960	10005	Senanga
30.97004	-17.51962	9966	Mazowe
31.57000	-17.31963	10317	Shamva
25.84001	-17.92962	35761	Victoria Falls
30.04999	-20.32957	35896	Zvishavane
29.79998	-18.92961	99149	Kwekwe
27.82000	-20.47954	2148	Plumtree
29.98999	-22.20961	26459	Beitbridge
29.01000	-20.93961	14450	Gwanda
31.66002	-21.04958	28205	Chiredzi
30.82002	-20.05962	76311	Masvingo
29.67999	-16.81956	25030	Karoi
30.18001	-17.35963	61739	Chinhoyi
28.80004	-16.52960	25531	Kariba
31.90001	-27.29618	3695	Golela
167.17661	-15.51256	13397	Luganville
-85.96001	15.91036	9646	Trujillo
-84.48000	15.75042	4067	Brus Laguna
-83.77164	15.26203	4856	Puerto Lempira
-86.22997	14.67041	37442	Juticalpa
-87.64998	14.46040	71142	Comayagua
-87.19081	13.30067	99429	Choluteca
-58.38001	3.90039	2190	Kumaka
-58.63002	6.41042	11524	Bartica
-58.50006	7.27042	3113	Anna Regina
-14.39500	65.26742	2265	Egilsstaðir
-19.63899	65.74641	2682	Sauðárkrókur
-20.99695	63.93342	6275	Selfoss
-1.69851	37.68856	86119	Lorca
-0.98003	37.60043	201274	Cartagena
-5.82999	43.35049	235651	Oviedo
-8.54109	42.88290	92430	Santiago de Compostela
-6.96997	38.88043	140133	Badajoz
-2.42999	42.47037	143698	Logroño
-1.97999	43.32039	357468	San Sebastián
29.47695	4.91511	14224	Maridi
30.68003	4.09038	185000	Yei
32.20004	10.43369	6407	Melut
33.06660	8.60039	1741	Nasir
28.11667	8.53373	50065	Gogrial
32.97999	14.25038	151827	El Manaqil
33.42002	16.68049	186611	Shendi
33.98329	18.01703	49556	Berber
30.41658	19.63370	3928	Kerma
32.29998	13.99040	87068	Ed Dueim
31.20000	12.91044	55742	Umm Ruwaba
33.59024	4.77212	7042	Kapoeta
-73.74998	18.20037	175457	Les Cayes
-72.68325	19.45043	166678	Gonaïves
-4.61668	55.45040	69042	Ayr
-2.10505	57.14513	189364	Aberdeen
-3.43637	56.39261	39654	Perth
-3.00001	56.47039	151592	Dundee
-1.23001	54.58037	416042	Middlesbrough
-1.50267	52.40074	388271	Coventry
-2.35002	51.38375	93238	Bath
-3.52995	50.70041	113118	Exeter
0.11662	52.20039	128488	Cambridge
-0.32999	53.75043	302296	Kingston upon Hull
-7.33328	55.00037	83652	Londonderry/Derry
-6.04772	54.51034	12899	Lisburn
-5.55003	50.13372	20812	Penzance
-1.07210	53.95117	158947	York
-3.05001	53.83040	272792	Blackpool
-3.55000	55.06709	31044	Dumfries
-0.42998	54.28039	70571	Scarborough
-4.15999	50.38539	247297	Plymouth
27.41025	37.75122	77341	Söke
27.89002	39.65038	261516	Balıkesir
26.40639	40.14593	87791	Çanakkale
26.57000	41.67044	126470	Edirne
27.50999	40.99087	122287	Tekirdağ
29.93062	40.77602	466504	İzmit
31.60612	40.73626	96629	Bolu
30.55001	38.75039	156992	Afyon
29.08002	37.77039	372344	Denizli
27.43997	38.63039	243971	Manisa
38.27993	37.77039	223744	Adıyaman
38.30003	38.37043	461574	Malatya
34.87998	36.92039	894318	Tarsus
35.93330	36.11706	93638	Samandagi
36.17003	36.58041	297943	İskenderun
35.83305	40.65368	82896	Amasya
37.86993	41.00043	155117	Ordu
37.03499	39.74542	264022	Sivas
35.90689	41.56817	97452	Bafra
41.29003	39.92039	420691	Erzurum
39.49277	39.75265	129407	Erzincan
43.05132	39.71984	87854	Ağrı
40.23004	37.92044	644763	Diyarbakır
41.49694	38.74902	82536	Muş
1.16999	52.07035	143767	Ipswich
1.30001	52.63036	190756	Norwich
81.70001	7.71701	129222	Batticaloa
80.39994	9.40042	103717	Kilinochchi
80.54277	5.94898	68244	Matara
81.04993	6.98369	47587	Badulla
79.88002	6.78040	200000	Moratuwa
127.74583	34.73678	341994	Yeosu
128.72500	36.56592	129319	Andong
126.52193	33.51014	408364	Jeju
-0.16997	50.83035	503008	Brighton
-2.95001	58.96698	8500	Kirkwall
-4.23327	57.46712	45158	Inverness
-1.24808	51.75183	192796	Oxford
-0.42001	51.88036	235958	Luton
-1.08002	50.80035	442252	Portsmouth
-0.24840	52.56719	140141	Peterborough
-1.16571	52.94108	825600	Nottingham
-2.18001	53.00037	390801	Stoke
31.78001	41.43038	156918	Zonguldak
34.05166	37.50628	92117	Ereğli
33.21502	37.18154	120399	Karaman
29.42000	38.68036	152862	Uşak
37.12000	36.72041	82301	Kilis
33.52998	39.85037	211138	Kırıkkale
43.09746	40.60846	77486	Kars
40.74272	37.31151	71373	Mardin
41.14001	37.89041	302074	Batman
43.39998	38.49544	371713	Van
35.82359	33.12566	4318	Al Qunaytirah
33.19993	0.44042	301619	Jinja
33.60001	1.71040	1038	Soroti
30.90001	3.02037	250000	Arua
31.47998	2.47038	17541	Pakwach
31.72002	3.65041	22434	Moyo
32.46002	0.06039	175128	Entebbe
31.37001	0.59044	18936	Mubende
32.05002	0.40043	41131	Mityana
32.87002	3.30040	56891	Kitgum
32.89002	2.26039	135445	Lira
32.06992	1.70040	8319	Masindi-Port
34.17000	1.09041	402368	Mbale
34.17000	0.71038	150000	Tororo
34.12003	3.52039	1137	Kaabong
34.63999	2.54035	371	Moroto
18.22001	46.08043	186262	Pécs
17.63002	47.70036	136081	Győr
17.79999	46.36703	108528	Kaposvár
19.13324	47.78366	35293	Vác
20.78001	48.10041	247757	Miskolc
20.15003	46.25039	187765	Szeged
21.63004	47.53047	231286	Debrecen
20.17938	47.18636	109261	Szolnok
32.77494	-9.28462	36556	Tunduma
33.64000	-9.24958	127570	Tukuyu
31.62002	-7.95958	89161	Sumbawanga
31.05003	-6.35957	73338	Mpanda
30.59998	-7.43289	1533	Kipili
30.43327	-6.81619	16385	Karema
32.16660	-2.86620	1536	Geita
33.55004	-2.38292	16092	Nyahanga
32.58002	-3.81957	36014	Kahama
33.42002	-3.65958	107362	Shinyanga
33.18003	-4.20963	26584	Nzega
32.77003	-5.62954	27113	Sikonge
31.31002	-2.62962	34038	Biharamulo
31.79996	-1.31962	100504	Bukoba
30.65001	-2.46953	16890	Ngara
31.72999	-0.32961	65373	Masaka
30.96001	-3.27961	24688	Kakonko
30.10001	-4.57958	37349	Kasulu
30.26140	-4.45654	232	Kanyato
30.39002	-5.11960	80350	Uvinza
29.61002	-4.87961	164268	Kigoma
29.92002	-0.12962	1957	Katwe
30.65001	-0.59962	83700	Mbarara
29.97997	-1.24960	44600	Kabale
36.98001	-7.39961	16780	Mikumi
36.68002	-8.12960	49528	Ifakara
36.99003	-6.83960	91889	Kilosa
39.77002	-5.23954	49959	Chake Chake
38.95002	-7.72962	30163	Kibiti
38.89002	-6.43962	82426	Bagamoyo
39.65002	-7.91627	12409	Kilindoni
36.47998	-6.34960	19806	Mpwapwa
34.77001	-9.32963	46724	Njombe
35.69001	-7.76962	111820	Iringa
38.79995	-10.72959	36032	Masasi
40.18999	-10.26962	96602	Mtwara
37.37001	-11.08957	600	Tunduru
34.76660	-11.28294	8997	Mbamba Bay
34.90003	-5.77961	310	Manyoni
34.48000	-5.69961	19711	Itigi
34.74004	-4.81962	62432	Singida
35.51999	-3.24958	10836	Ngorongoro
35.55002	-3.34963	8000	Oldeani
35.53002	-3.84960	13430	Mbulu
35.75000	-4.21955	34291	Babati
37.72001	-4.06959	17455	Same
37.33998	-3.33960	721018	Moshi
33.79999	-1.48959	133156	Musoma
38.54001	-5.08957	50000	Korogwe
1.30001	51.13371	36384	Dover
6.65002	46.53043	265702	Lausanne
7.59002	47.58039	830000	Basel
12.29996	58.26710	44543	Trollhättan
12.93925	57.71776	65008	Borås
14.13329	56.03367	32188	Kristianstad
12.72327	56.04129	91304	Helsingborg
-0.48364	38.35122	315863	Alicante
-0.05001	39.97041	180610	Castello
28.42001	12.69043	108008	En Nuhud
27.73334	11.03373	19997	Muglad
29.74003	-2.34959	225209	Nyanza
29.75998	-2.06960	87613	Gitarama
29.73001	-2.58962	77000	Butare
29.26291	-1.68467	83623	Gisenyi
28.89998	-2.47960	19900	Cyangugu
30.06001	-1.57956	70593	Byumba
29.63002	-1.49961	86685	Ruhengeri
-85.81999	11.44037	31941	Rivas
-83.69999	10.92041	1000	San Juan de Nicaragua
10.27001	13.98740	14639	Gouré
3.44665	11.88818	33051	Gaya
1.45308	14.21204	19262	Tillabéri
0.91947	14.73180	26290	Ayorou
5.25993	13.79044	65252	Birni Nkonni
5.95859	14.07618	24804	Madaoua
23.82587	44.32627	304142	Craiova
27.32592	44.20628	73224	Călărași
15.65004	46.54048	114228	Maribor
21.88651	45.29696	83324	Reșița
21.22345	45.75882	315053	Timișoara
26.65965	47.74842	114783	Botoșani
23.57907	47.65945	136553	Baia Mare
24.55782	46.55820	149433	Tirgu Mures
24.87583	44.85632	171021	Pitești
25.60716	45.64753	311044	Brașov
26.03649	44.94691	232542	Ploiești
26.91964	46.57843	199668	Bacău
-79.92999	-6.82962	15552	Pimentel
-79.74998	-5.97960	9800	Olmos
-80.81999	-5.55962	23020	Sechura
-80.17000	-5.08957	68835	Chulucanas
-80.68000	-4.88959	160789	Sullana
-72.89001	-13.63959	55111	Abancay
-72.71999	-16.61962	20956	Camaná
-71.22998	-14.28958	33575	Sicuani
-70.03331	-15.83295	116552	Puno
-70.59999	-14.87957	19310	Ayaviri
-69.67000	-16.07960	16033	Ilave
-69.04500	-16.56458	5329	Desaguadero
-78.15999	-10.06958	16172	Huarmey
-78.04000	-7.61960	13486	Cajabamba
-78.80998	-5.70959	52493	Jaén
-78.65004	-6.54959	14240	Chota
-75.99000	-9.28963	53177	Tingo María
-76.96666	-6.04962	47734	Moyobamba
-76.73998	-7.16960	37715	Juanjuí
-76.52002	-8.17962	29029	Tocache
-77.87001	-6.22961	25978	Chachapoyas
-70.50834	-3.91626	3195	Caballococha
-71.91668	-2.33279	10	Puca Urco
-76.40248	-2.90206	10	Andoas
-75.76660	-2.51614	10	Soldado Bartra
-75.39998	-0.93293	40	Nuevo Rocafuerte
-73.90999	-5.06963	18000	Requena
-74.25000	-12.94961	18627	Huanta
-73.78998	-15.01961	7420	Coracora
-76.13999	-13.41961	153076	Chincha Alta
-75.73996	-14.18959	10449	Santiago
-75.34001	-11.12962	14708	San Ramon
-76.01002	-11.14962	15320	Junín
-75.50003	-11.79960	21057	Jauja
-77.79999	-10.69962	31905	Pativilca
-77.26997	-11.55962	26958	Chancay
-76.73998	-12.51961	12884	Chilca
-57.89999	-21.06958	2475	Fuerte Olimpo
-60.78328	-19.91611	1200	Capitan Pablo Lagerenza
-57.93999	-22.28961	5000	La Victoria
-57.05002	-23.33962	16171	Horqueta
-57.23998	-23.46949	11359	Belén
-57.10001	-24.41961	5123	Rosario
-57.36002	-25.50962	41090	Itá
-58.29999	-26.86949	28435	Pilar
-55.75999	-22.54458	102787	Pedro Juan Caballero
-56.52000	-22.12962	16852	Bella Vista
-55.94001	-26.02959	3024	Abaí
-55.64315	-24.12530	2809	Ygatimí
-55.64658	-27.08978	5306	Hohenau
-85.94998	11.93373	105219	Granada‎
-87.13004	12.63038	139023	Chinandega
-85.91665	12.91708	109089	Matagalpa
-28.64476	38.53466	6611	Horta
-27.21667	38.65039	12045	Angra do Heroísmo
-8.53331	37.13374	61226	Portimão
-7.93327	37.01708	41355	Faro
-8.41668	40.20037	106582	Coimbra
-12.04997	8.88043	87679	Makeni
-16.24000	14.66038	148024	Diourbel
-16.25000	15.61038	85075	Louga
-16.93001	14.81040	293001	Thiès
-14.95003	12.91044	69267	Kolda
-13.68003	13.78036	89212	Tambacounda
-12.17999	12.56043	18226	Kédougou
-7.71698	4.37538	32661	Harper
-9.49000	7.01041	45835	Gbarnga
-10.84999	8.44048	87539	Koidu
-11.18997	7.88041	143137	Kenema
-8.13001	6.07039	25678	Zwedru
12.60888	13.31705	30988	Diffa
13.11082	14.25317	17897	Nguigmi
20.31074	42.66033	105163	Pec
43.96284	26.36639	398581	Buraydah
41.70008	27.52358	385257	Hail
41.02069	30.99001	222016	Arar
43.49480	29.62022	64755	Rafha
38.07002	-0.92957	11219	Mwingi
37.45000	-0.51957	58620	Embu
37.25999	-1.50954	144925	Machakos
37.06000	0.02040	36142	Nanyuki
36.68002	1.11046	20841	Maralal
37.12000	-1.74962	2004	Konza
35.57001	3.13039	20219	Lodwar
35.72003	0.05037	17581	Eldama Ravine
35.12002	-0.67956	71285	Sotik
36.80002	-2.53960	13193	Namanga
36.42996	-0.70958	43983	Naivasha
35.28001	-0.35958	98852	Kericho
34.98995	1.03047	150495	Kitale
34.56000	0.57039	55962	Bungoma
34.73001	0.29041	63426	Kakamega
40.05000	1.75037	45771	Wajir
39.67002	-0.43963	67861	Garissa
5.78336	53.25038	125778	Leeuwarden
6.58000	53.22041	216688	Groningen
16.51557	68.78791	19433	Harstad
5.12004	52.10035	640000	Utrecht
6.26328	62.45980	47772	Ålesund
5.69003	58.84541	46911	Sandnes
10.19923	59.73848	90722	Drammen
10.66916	59.43698	36901	Moss
11.50001	64.01706	11274	Steinkjer
21.56058	57.38987	42884	Ventspils
21.11994	55.72041	192307	Klaipėda
19.13324	48.58374	44502	Zvolen
18.74939	49.21982	87625	Žilina
21.25001	48.73045	236563	Košice
21.23936	48.99973	94718	Prešov
23.88003	54.95040	374643	Kaunas
23.71281	56.65270	67207	Jelgava
47.31204	24.15557	298428	Al Kharj
50.09772	26.43014	2054710	Dammam
45.96008	28.43365	249194	Hafar al Batin
49.64600	27.00464	237274	Al Jubayl
62.32859	25.13897	51901	Gwadar
69.43859	31.34898	88356	Zhob
74.30000	35.91710	216760	Gilgit
74.45503	31.12537	290643	Kasur
71.47180	32.45219	35406	Kundian
73.45003	30.81040	223648	Okara
72.32498	31.28038	341210	Jhang
72.67499	32.08537	542603	Sargodha
70.63506	30.06040	236093	Dera Ghazi Khan
70.13023	28.30064	189876	Sadiqabad
68.40000	26.24544	229504	Nawabshah
76.18537	42.45602	40527	Balykchy
75.79681	41.17249	15601	At Bashy
73.00251	40.94289	248899	Jalal Abad
72.93719	41.88257	26115	Toktogul
72.23145	41.34186	23594	Tash Komur
72.24292	42.51837	35172	Talas
72.79002	40.54040	391277	Osh
70.59857	32.98898	622419	Bannu
70.89856	31.82900	101616	Dera Ismail Khan
81.61666	28.05034	64400	Nepalganj
84.86659	27.00041	133238	Birganj
87.28334	26.48374	182324	Biratnagar
101.03145	4.01186	101659	Teluk Intan
100.40001	5.41707	821652	Butterworth
100.47933	5.64972	358499	Sungai Petani
100.37293	6.11331	336475	Alor Setar
102.56660	2.03374	191346	Muar
102.93335	1.85036	199619	Batu Pahat
103.31787	2.03831	169828	Keluang
101.94002	2.71049	372917	Seremban
101.84230	3.79270	40024	Raub
103.44789	4.23324	82425	Chukai
103.12000	5.33041	350210	Kuala Terengganu
118.33597	5.04640	105622	Lahad Datu
113.03598	3.16641	151617	Bintulu
113.98450	4.39992	228212	Miri
25.10001	-30.71954	12423	Colesberg
19.38335	-29.13291	4220	Poffader
22.13331	-30.94960	5785	Carnarvon
22.73002	-29.65955	11236	Prieska
23.42001	-27.44955	10006	Kuruman
23.03331	-34.03292	63106	Knysna
20.43001	-34.01959	13674	Swellendam
19.22993	-34.40959	25153	Hermanus
18.96002	-33.69956	187865	Paarl
20.02998	-34.52953	14936	Bredasdorp
22.56998	-32.34962	44737	Beaufort West
33.95001	-16.09955	42000	Moatize
30.41002	-15.61958	3065	Luangwa
32.88000	-18.96961	4000	Manica
32.77003	-20.45013	393	Espungabera
40.43003	-2.37961	5380	Witu
38.46663	-2.98278	414	Tsavo
38.56999	-3.36958	36487	Voi
39.85001	-3.60961	80339	Kilifi
33.93332	-9.93290	34207	Karonga
37.09002	-1.03959	99322	Thika
34.63999	-0.35958	91248	Kendu Bay
34.15000	-0.84963	2376	Karungu
34.75999	-0.66959	28547	Kisii
39.00004	-13.11957	72279	Montepuez
40.34998	-11.31958	27909	Mocimboa
37.49946	-13.19838	8762	Marrupa
36.53998	-14.78960	73268	Cuamba
37.74001	-15.17568	3500	Ligonha
27.78000	-25.62961	122497	Brits
25.59000	-27.64959	17122	Bloemhof
27.09999	-26.69957	123669	Potchefstroom
26.47000	-28.69955	12091	Brandfort
28.29997	-28.21958	83654	Bethlehem
33.09001	-25.01952	23156	Macia
32.95638	-21.53730	650	Massangena
31.96305	-22.84265	201	Mapai
28.43004	-26.26957	236083	Springs
29.89000	-27.35958	43378	Volksrust
30.98001	-25.46962	348138	Mbombela
31.94000	-25.40957	20508	Komatipoort
29.47002	-25.75963	154706	Middelburg
29.45003	-26.46961	101919	Bethal
29.24001	-26.93951	74021	Standerton
29.50000	-24.19962	33308	Lebowakgomo
30.16998	-23.81954	67245	Tzaneen
31.41001	-28.32960	20753	Ulundi
29.78003	-28.54949	47375	Ladysmith
30.45999	-30.71954	52793	Port Shepstone
32.08330	-27.56608	564	Ubomba
50.16659	-14.26617	43465	Sambava
48.45000	-13.68290	30621	Ambanja
46.11666	-22.39963	16990	Ihosy
48.81665	-15.83285	9705	Mandritsara
44.48332	-16.74953	1022	Besalampy
46.63332	-16.09955	31253	Marovoay
47.98336	-14.86608	21290	Antsohihy
48.41667	-17.83288	43134	Ambatondrazaka
45.31660	-24.21616	4286	Bekiy
44.33325	-21.43292	1536	Manja
45.46662	-19.51619	20631	Miandrivazo
154.67114	-5.42974	2338	Sohano
155.63333	-6.21628	6958	Kieta
156.83502	-8.09962	6154	Gizo
143.64523	-6.14439	26252	Mendi
148.56503	-10.04261	230	Abau
150.45907	-10.30207	11624	Alotau
148.24841	-8.76919	28198	Popondetta
150.40998	-5.47462	871	Hoskins
4.62999	52.38043	349957	Haarlem
-80.28002	7.76039	11358	Las Tablas
-80.98334	8.10037	45955	Santiago
-78.14023	8.39818	1845	La Palma
-5.90999	35.02038	306600	Ksar El Kebir
-6.16002	35.20042	120082	Larache
-4.01997	34.22038	199633	Taza
-5.57001	34.81034	69658	Ouezzane
-6.58000	34.27040	551786	Kenitra
-7.62001	33.01043	161748	Settat
-4.44997	31.94041	228489	Er Rachidia
-5.55998	33.90042	697628	Meknes
-9.73999	29.71042	57705	Tiznit
-8.50998	33.26036	180470	El Jadida
27.90531	47.75909	151355	Bălți
28.19444	45.90788	63407	Cahul
29.63999	46.85310	157000	Tiraspol
33.26664	-9.71622	13412	Chitipa
34.30002	-11.59962	22108	Nkhata Bay
34.30002	-12.91628	59854	Nkhotakota
34.73001	-19.61959	78648	Dondo
34.65586	-16.89211	556	Chiramba
38.26003	-16.84958	68984	Mocuba
36.81971	-17.60767	6945	Nicuadala
35.26998	-14.45960	97711	Mangochi
34.43329	-13.78295	71181	Salima
35.38855	-23.86602	119868	Maxixe
34.73027	-24.06289	602	Panda
34.76598	-24.72569	1210	Quissico
35.31659	-21.99955	177	Vilanculos
25.61000	-32.19955	32898	Cradock
25.39002	-33.75961	228912	Uitenhage
26.88000	-33.59951	17959	Port Alfred
26.52002	-33.29958	91548	Grahamstown
29.52832	-31.62785	5939	Port St. Johns
26.71004	-30.68956	44436	Aliwal North
26.88000	-31.89962	105309	Queenstown
32.46002	-25.96959	543907	Matola
165.85673	-10.73802	553	Lata
84.90359	56.49261	7182	Timiryazevskiy
86.16269	56.99312	27070	Asino
77.57768	60.73315	44784	Strezhevoy
42.06001	44.29041	116224	Cherkessk
44.66998	43.05038	364630	Vladikavkaz
43.43439	45.10473	35995	Blagodarnyy
43.87871	44.40911	41306	Zelenokumsk
44.08329	2.78372	31267	Buurhakaba
42.55000	3.80048	33820	Luuq
41.86002	3.94044	52885	Mandera
173.33334	66.41707	100	Mukhomornoye
179.30667	63.06546	1861	Beringovskiy
166.44857	68.05263	5757	Bilibino
-179.49998	68.93371	492	Mys Shmidta
-179.18372	66.32213	2248	Egvekinot
21.88196	55.07177	43309	Sovetsk
30.21882	69.41257	15866	Nikel
32.82874	67.92912	49868	Monchegorsk
33.66873	67.60909	29605	Kirovsk
33.89740	58.39782	57887	Borovichi
31.35436	57.99477	34303	Staraya Russa
32.33874	59.92909	45673	Volkhov
33.51438	59.64485	62075	Tikhvin
28.91766	61.10132	30115	Svetogorsk
30.13334	59.57066	90486	Gatchina
29.83900	58.73635	40114	Luga
32.24484	52.76524	66336	Klintsy
32.86041	53.95090	56971	Roslavl
33.21610	55.14649	46637	Safonovo
34.29180	55.21220	55500	Vyazma
34.32430	63.75478	33354	Segezha
41.92875	57.21913	39071	Vichuga
45.50936	58.37976	35532	Sharya
41.52438	58.48468	26486	Buy
43.46002	56.25038	256537	Dzerzhinsk
42.16439	55.32472	61664	Vyska
37.34438	56.86912	52070	Kimry
36.69000	57.76473	34736	Bezhetsk
32.77308	56.22351	25349	Nelidovo
34.05176	57.87216	25142	Bologoye
34.97873	57.02906	48546	Torzhok
40.11439	59.46478	42174	Sokol
37.90998	59.14043	311850	Cherepovets
38.82000	58.05034	216724	Rybinsk
39.40430	57.18916	33803	Rostov
36.27002	54.52038	338978	Kaluga
34.30482	54.08519	39319	Kirov
36.62003	55.08045	107392	Obninsk
35.27437	51.69476	23500	Lgov
35.40439	52.35477	97900	Zheleznogorsk
39.93435	52.49477	47413	Gryazi
39.02939	55.38480	89795	Yegoryevsk
37.52995	55.38043	320635	Podolsk
36.98089	56.18069	58891	Solnechnogorsk
38.48002	55.87043	229731	Noginsk
37.43000	54.93038	135584	Serpukhov
37.60436	52.42480	52915	Livny
36.54716	53.26474	47609	Mtsensk
41.54200	46.47751	61000	Salsk
40.78613	48.18650	48098	Belaya Kalitva
40.27004	47.72038	221312	Shakhty
40.39742	48.93785	38527	Millerovo
38.12154	53.14912	45497	Yefremov
38.11436	53.77469	39553	Bogoroditsk
45.40001	50.08039	128626	Kamyshin
46.87734	50.04773	17139	Pallasovka
43.65179	49.77219	40882	Frolovo
44.77436	48.79481	323293	Volzhskiy
43.21746	50.06786	58898	Mikhaylovka
42.00306	50.77345	41644	Uryupinsk
37.83995	51.30042	226977	Starsy Oskol
38.69308	50.65348	39848	Alekseyevka
38.09870	50.20909	35887	Valuyki
39.06437	44.11476	99145	Tuapse
38.06438	44.57476	55508	Gelendzhik
40.74427	44.63478	61945	Labinsk
41.13004	45.00039	199548	Armavir
38.94438	45.62475	44024	Timashevsk
40.13775	45.85310	64387	Tikhoretsk
38.26339	46.69879	87814	Yeysk
45.18002	54.17037	303394	Saransk
44.04438	53.19472	16560	Kamenka
46.59999	53.12041	95574	Kuznetsk
44.22179	52.46218	36652	Serdobsk
41.39307	54.94345	36663	Kasimov
41.90870	54.34915	31325	Sasovo
41.50438	52.59473	33077	Kotovsk
41.80436	53.45473	49350	Morshansk
41.33002	56.36037	154224	Kovrov
42.04001	55.57042	131287	Murom
54.92692	54.06738	20060	Rayevskiy
58.63874	52.70912	61590	Sibay
55.78434	52.77477	65321	Kumertau
55.92996	53.37035	159893	Salavat
54.11870	54.12914	62582	Belebey
53.69434	54.60479	68829	Tuymazy
54.26309	56.08351	126805	Neftekamsk
61.57024	54.10565	82338	Troitsk
61.29351	54.74887	42023	Yemanzhelinsk
60.68192	53.04739	28503	Kartaly
57.27262	54.99800	38883	Asha
60.09493	54.99541	167500	Miass
60.55955	55.70000	50911	Kyshtym
64.43327	54.90868	17936	Kurtamysh
63.63326	56.08367	79479	Shadrinsk
60.06356	69.73015	10	Varnek
49.30416	68.80788	300	Bugrino
74.92531	67.92212	48488	Yamburg
77.51996	67.75040	159551	Nakhodka
53.89432	63.59476	29343	Sosnogorsk
48.95809	57.57846	17869	Sovetsk
50.18804	58.71849	48962	Slobodskoy
52.24517	59.31383	11385	Kirs
52.15918	58.65894	32800	Omutninsk
48.31373	58.30413	28431	Kotelnich
47.87495	56.63539	324406	Yoshkar Ola
61.93502	56.42047	182500	Kamensk Uralskiy
60.18805	56.44341	65770	Polevskoy
65.25828	58.05365	39480	Tavda
61.86975	57.36519	44689	Artemovskiy
60.21476	57.49025	28170	Nevyansk
60.54978	58.05019	48992	Verkhnyaya Salda
59.79825	58.64364	56084	Nizhnyaya Tura
60.00982	59.76016	30807	Karpinsk
60.41325	60.69364	19379	Ivdel
57.75863	56.59911	43121	Krasnoufimsk
53.79872	56.47915	101344	Sarapul
52.18435	56.45476	47270	Mozhga
53.99003	57.03041	98633	Votkinsk
52.62877	58.12321	100676	Glazov
47.46867	55.50913	49886	Kanash
46.42439	55.48482	35230	Shumerlya
46.59999	54.85036	46427	Alatyr
54.99989	51.16030	27419	Sol-lletsk
59.54002	50.75459	9556	Dombarovskiy
57.57875	51.41912	30676	Mednogorsk
58.45430	51.47472	41619	Gay
52.26176	52.78211	87714	Buzuluk
51.34740	53.37781	50127	Otradnyy
49.42006	53.50809	702879	Tolyatti
46.12002	51.50041	196011	Engels
48.79438	52.01477	26690	Pugachev
47.37431	52.03472	70500	Volsk
44.99611	51.87646	27554	Atkarsk
43.16309	51.55351	98107	Balashov
52.31995	54.90041	140437	Almetyevsk
50.64067	55.36477	62200	Chistopol
51.82003	55.64044	234297	Nizhnekamsk
49.56001	54.25042	132226	Dimitrovgrad
65.08594	62.96699	10	Peregrebnoye
60.97001	64.25046	2985	Saranpaul
64.75480	60.14014	39878	Uray
80.25137	61.10119	10	Laryak
74.49410	62.04462	58192	Kogalym
76.09534	61.06076	48691	Megion
74.82002	54.16048	12122	Cherlak
74.56825	55.04867	24059	Kalachinsk
71.35000	55.56696	12284	Nazyvayevsk
71.26825	54.92870	21136	Isikul
69.44981	56.15023	67762	Ishim
68.37148	56.38195	13424	Golyshmanovo
66.29827	56.67363	35892	Yalutorovsk
85.18001	52.53407	215430	Biysk
82.19502	51.15710	11514	Zmeinogorsk
82.77768	52.49177	28019	Aleysk
83.95884	53.39926	91386	Novoaltaysk
81.33880	53.79360	44564	Kamenna Obi
81.48768	50.98809	15668	Gornyak
78.94726	52.58267	15345	Kulunda
78.66955	53.00494	34141	Slavgorod
87.86770	52.79175	22779	Tashtagol
85.93769	54.29814	38757	Guryevsk
84.88540	55.72576	84220	Yurga
85.61084	55.28018	24672	Topki
87.76037	56.21077	43122	Mariinsk
89.95305	54.49144	9358	Shira
83.36880	54.23363	20125	Cherepanovo
80.28114	55.19595	10881	Kargat
82.70765	54.99805	39949	Ob
78.02189	53.72730	28589	Karasuk
78.35190	55.35728	31508	Barabinsk
75.96652	55.22194	25150	Tatarsk
45.16504	5.08541	6000	Ferfer
45.51659	2.76700	111308	Jawhar
54.69179	16.99244	1120	Mirbat
51.12333	10.58203	176	Hurdiyo
49.16598	9.50041	1341	Qardho
50.75002	11.96696	513	Caluula
56.51695	23.22539	101640	Ibri
47.62437	42.87473	81752	Kaspiysk
48.27740	42.05781	105965	Derbent
47.11303	42.83349	75800	Buynaksk
128.89615	37.75587	180611	Gangneung
128.59116	38.20871	85430	Sokcho
127.14039	35.83142	711424	Jeonju
126.71602	35.98177	244080	Gunsan
126.39584	34.80680	268402	Mokpo
123.38000	10.55038	6353	San Carlos
123.30859	10.95875	283157	Cadiz
123.50702	7.85297	159590	Pagadian
123.84442	8.14621	97806	Ozamis
120.58338	15.48380	183930	Tarlac
120.96170	15.50209	220250	Cabanatuan
120.28278	14.82957	304388	Olongapo
120.34081	16.04790	163676	Dagupan
121.32261	14.06957	240830	San Pablo
121.02997	14.65043	2761720	Quezon City
120.99999	14.55044	403064	Pasay City
124.21535	8.17124	464599	Iligan
124.60753	11.06430	167584	Ormac
125.00001	11.25044	280006	Tacloban
125.54359	8.94954	190557	Butuan
125.80166	7.38215	6726	Tagum
125.48882	9.78430	87832	Surigao
125.12997	8.83038	218	Gingoog
102.16662	68.48374	10	Yessey
107.78333	55.90040	10	Ulkan
108.11194	57.78574	13308	Kirensk
104.12268	56.57625	28456	Zheleznogorsk Ilimskiy
101.24270	56.09310	166	Vikhorevka
97.81443	55.96065	9583	Biryusinsk
99.09962	58.69456	15670	Kodinskiy
93.43553	54.34874	4948	Artemovsk
94.31532	55.81038	13167	Uyar
89.82071	55.32917	19212	Uzhur
91.40041	53.08943	55642	Sayanogorsk
90.12364	61.59951	10	Podkamennaya Tunguska
86.58334	67.46711	7470	Igarka
89.24999	71.45038	10	Agapa
97.50003	70.76698	35968	Boyarka
111.51003	74.01650	0	Nordvik
104.25001	77.71697	885	Chelyuskin
114.88998	56.33153	10359	Taksimo
106.50036	51.28076	24083	Gusinoozyorsk
114.52282	51.10307	11491	Aginskoye
129.61668	49.75039	146	Progress
128.46372	50.91910	70203	Belogorsk
121.61308	56.53121	10	Nyukzha
116.54859	52.00896	15360	Nerchinsk
135.04978	44.27020	18657	Kavalerovo
132.81979	44.60016	45900	Spassk Dalniy
143.18334	73.22037	10	Shalaurova
153.90000	70.85039	0	Logashkino
135.60003	70.01706	1517	Ust Kuyga
129.12725	61.49344	9763	Pokrovsk
120.31673	63.44570	6341	Verkhnevilyuysk
112.55782	59.45150	3843	Vitim
120.39259	60.50319	10000	Olyokminsk
125.25002	64.90044	10	Tunguskhaya
123.92550	68.41062	10	Natara
114.00001	70.13369	10	Zhilinda
127.03368	72.59969	10	Trofimovsk
139.50000	57.36697	10	Tukchi
136.89742	50.22284	46993	Amursk
134.26492	46.82025	19659	Bikin
134.74748	47.53285	15247	Vyazemskiy
133.02412	51.11780	14855	Chegdomyn
152.41658	59.03372	10	Siglan
151.16663	60.20042	10	Karamken
152.25018	61.86698	10	Strelka
156.08504	50.69048	2422	Severo Kurilsk
142.08997	48.46155	3304	Krasnogorsk
143.08500	49.24155	16677	Poronaysk
142.80001	48.63374	6663	Makarov
142.80001	47.35043	11989	Dolinsk
141.86993	46.68029	17000	Nevelsk
41.85196	-1.20087	3096	Buur Gaabo
-3.66658	16.41699	8456	Goundam
0.85637	19.45487	9000	Aguelhok
-0.34999	16.90038	30000	Bourem
-115.94008	30.55847	5433	San Quintín
-114.16658	28.93370	527	Punta Prieta
-114.84962	31.02411	20750	San Felipe
-112.28336	27.31708	11899	Santa Rosalía
-114.16997	27.99042	13054	Guerrero Negro
-100.53165	28.70764	139619	Piedras Negras
-102.98269	25.75921	53688	San Pedro de las Colonias
-103.70184	27.28889	10	Sierra Mojada
-102.17995	25.42040	32253	Parras
-106.86959	28.42574	90835	Cuauhtémoc
-107.91190	30.41849	54826	Nuevo Casas Grandes
-104.41002	29.54040	22128	Ojinaga
-106.51000	30.61044	9326	Villa Ahumada
-105.82004	26.80044	10800	Santa Barbara
-105.17005	27.69041	37743	Ciudad Camargo
-103.69999	24.87041	8876	Cuencame
-105.33999	24.83041	22750	Papasquiaro
-105.79999	22.85043	28248	Escuinapa
-108.09000	25.47037	62695	Guamúchil
-108.46998	25.57049	96860	Guasave
-108.62000	26.42041	11171	El Fuerte
-107.36999	24.33047	17365	Eldorado
-106.90002	23.92041	11900	La Cruz
-109.56304	31.32234	86083	Agua Prieta
-109.92498	27.46660	288002	Ciudad Obregon
-109.45462	27.08190	116093	Navajoa
-112.16425	30.71615	57357	Caborca
-110.13334	29.01710	500000	Mazatlán
-110.30005	30.99042	33433	Cananea
-109.63004	26.83041	30426	Huatabampo
-102.58000	22.77043	234481	Zacatecas
-103.38998	24.29041	14162	Juan Aldama
-103.56997	22.77043	10545	Valparaíso
-102.85998	23.17043	105488	Fresnillo
-99.57003	24.86038	57731	Linares
-100.65002	23.66038	67717	Matehuala
-98.75000	21.98037	14748	Tamuín
-98.77995	21.27042	72685	Tamazunchale
-99.72000	23.00039	9054	Tula
-98.06997	22.92042	12292	Aldama
-98.16001	24.85043	29171	San Fernando
-103.87998	18.92038	91321	Tecoman
-105.24498	20.67710	187134	Puerto Vallarta
-102.56000	20.28038	35345	La Barca
-103.46000	19.71041	92161	Ciudad Guzman
-101.92999	21.37041	94127	Lagos de Moreno
-101.18949	19.73338	644306	Morelia
-102.19997	17.95871	160087	Lázaro Cárdenas
-102.28002	19.98037	214947	Zamora
-103.14997	18.78039	10715	Coalcoman
-102.07001	19.42038	264531	Uruapan
-105.26997	21.93040	26115	Tuxpan
-104.87999	21.50539	318781	Tepic
-104.89999	21.23042	16162	Compostela
-105.45998	22.40043	14921	Tecuala
-91.82448	18.65366	156195	Ciudad del Carmen
-90.72000	19.35043	26636	Champotón
-95.19999	16.16706	81063	Salina Cruz
-97.06589	15.85918	19488	Puerto Escondido
-96.46999	15.73039	24481	Pochutla
-96.39999	16.91704	7547	Mitla
-97.68002	17.27041	21391	Tlaxiaco
-97.78999	17.81037	47844	Huajuapan de León
-97.37998	18.45036	241429	Tehuacan
-97.35998	19.82043	177796	Teziutlán
-92.64999	18.58038	22621	Frontera
-91.42999	17.48037	32415	Tenosique
-101.20001	20.57041	197524	Salamanca
-101.27998	21.02041	112200	Guanajuato
-99.61995	18.57038	53217	Taxco
-99.09467	16.96436	9897	Ayutla
-100.65002	18.32039	24533	Ciudad Altamirano
-101.27003	17.52041	31910	Petatlán
-98.73559	20.10642	319581	Pachuca
-99.65318	19.28931	1531000	Toluca
-99.10998	19.81040	250000	Zumpango
-94.53000	17.98046	201902	Minatitlán
-94.42001	18.12040	287285	Coatzacoalcos
-97.44395	20.52572	254481	Poza Rica de Hidalgo
-96.91999	18.92038	220563	Córdoba
-95.29998	18.47038	15681	Santiago Tuxtla
-97.40998	20.96041	109049	Tuxpam
-98.18999	22.06045	35316	Pánuco
-93.22003	15.69040	23675	Pijijiapan
-86.71146	21.20839	12491	Isla Mujeres
-88.04999	19.58039	24807	Felipe Carrillo Puerto
-88.14998	21.13043	41993	Tizimín
-88.20000	20.67040	48479	Valladolid
-89.02005	20.93041	14954	Izamal
-89.53002	20.40039	30519	Ticul
-12.48331	22.73038	56345	Zouirat
-5.77997	25.38040	10	Chegga
-13.49999	17.00040	10	Magta Lajar
-14.26997	16.59039	10415	Bogue
-14.70004	17.55039	14142	Boutilimit
-12.18332	15.16702	460	Sélibaby
-8.08001	12.75042	66895	Kati
-7.45000	13.55040	30591	Banamba
-8.44001	11.94042	17232	Kangaba
-9.58997	15.23043	14421	Nioro du Sahel
-10.82002	13.80038	26823	Bafoulabé
-11.40660	12.61699	706	Satadougou
-10.56663	15.13371	988	Yélimané
-9.48331	13.05040	46435	Kita
-5.46999	12.39042	104927	Koutiala
-5.68000	11.32041	225753	Sikasso
-7.48997	11.42043	35450	Bougouni
-8.16662	16.25042	245	Timbedra
-7.25001	16.61706	200000	Nema
-6.06995	13.67037	53738	Markala
-6.13331	14.73374	4374	Sokolo
-4.90005	13.30041	41386	San
12.18999	10.62042	95005	Biu
13.69001	11.52039	118121	Bama
7.34998	5.10040	897560	Aba
7.55999	4.57041	34911	Opobo
7.03331	5.78371	9351	Orlu
8.12998	7.19040	68220	Oturkpo
8.33002	4.96041	461796	Calabar
9.78001	7.87041	92933	Wukari
11.36002	8.90037	117757	Jalingo
5.46994	10.40036	98754	Kontagora
6.01001	9.08041	173849	Bida
3.35002	7.16043	593100	Abeokuta
3.92001	6.82045	209175	Ijebu Ode
5.19998	7.25040	420594	Akure
5.76000	7.53043	1099931	Ikare
5.58998	7.20040	276574	Owo
4.84000	7.09041	257005	Ondo
5.21998	7.63037	446749	Ado Ekiti
4.56002	7.48043	482365	Ife
4.56002	7.77036	408245	Oshogbo
3.92998	7.85044	736072	Oyo
7.07000	6.21043	500000	Awka
6.77999	6.14041	73374	Onitsha
10.19001	11.68041	105687	Azare
9.84001	10.31036	316149	Bauchi
11.16995	10.29044	270366	Gombe
11.21305	10.04570	35712	Kumo
5.68000	5.89043	309162	Sapele
7.38336	6.86703	111017	Nsukka
6.73994	7.80039	60579	Lokoja
6.73994	7.11040	75087	Idah
8.52004	8.49042	127236	Lafia
7.87362	8.84903	85911	Keffi
7.32001	11.52039	180475	Funtua
7.59999	12.99041	432149	Katsina
6.66000	12.17041	226857	Gusau
10.45000	12.88039	111014	Nguru
11.03999	12.87049	125817	Gashua
11.07999	11.71038	86002	Potiskum
4.19994	12.45041	108164	Birnin Kebbi
4.51698	11.42319	25792	Koko
13.27003	10.27034	225705	Mubi
12.04003	9.46044	77617	Numan
10.45666	30.16791	931	Dirj
10.97002	31.88044	66609	Nalut
21.33951	41.03906	86528	Bitola
17.58336	28.55041	10	Zillah
14.26000	32.66042	201943	Al Khums
14.47084	24.37036	1500	Tajarhi
15.03333	27.51701	300	Umm al Abid
12.71999	32.76042	200000	Az Zawiyah
13.01997	32.17037	146810	Gharyan
12.98333	31.43373	26107	Mizdah
13.98999	31.77040	65392	Bani Walid
20.82998	32.50046	169540	Al Marj
21.62001	32.76042	1794	Al Bayda
21.86217	32.82814	45000	Shahhat
19.20001	30.25703	100	El Agheila
19.21665	29.23371	2500	Maradah
20.01546	31.66064	5348	Qaminis
18.26663	30.67041	50	As Sidr
24.51658	29.75039	1744	Al Jaghbub
35.90415	33.85012	78145	Zahlé
22.34999	53.83370	55769	Ełk
18.53002	54.52038	314664	Gdynia
17.03001	51.11043	634893	Wrocław
14.53001	53.42039	407811	Szczecin
15.50003	51.95041	118433	Zielona Góra
16.89994	52.40575	623997	Poznań
18.75001	53.48039	102443	Grudziądz
18.01000	53.12041	366452	Bydgoszcz
19.02002	50.26038	2746000	Katowice
18.67001	50.33038	507670	Gliwice
20.66002	50.89039	215733	Kielce
23.18232	53.13170	291855	Białystok
22.57272	51.25040	360044	Lublin
21.99599	50.02866	245686	Rzeszów
54.63304	59.01618	32423	Kudymkar
56.95434	57.43478	66389	Kungur
55.74429	58.07474	52689	Krasnokamsk
57.81305	58.29343	72113	Chusovoy
57.58872	58.86913	31424	Gubakha
89.95000	48.93369	34934	Olgiy
101.75006	19.25046	16200	Xaignabouri
105.81834	15.12206	102775	Pakxe
103.19600	19.45190	37507	Phonsavan
102.14161	19.88453	107142	Louangphrabang
104.83612	17.41120	76928	Thakhek
111.23330	44.33371	3726	Ulaan-Uul
126.38664	38.33669	66260	Pyongsan
125.35709	37.93710	69195	Ongjin
125.71438	38.03942	224231	Haeju
129.32042	40.96043	101165	Kilchu
129.23040	42.23043	80146	Musan
130.40273	42.33769	60864	Rason
126.60322	40.97322	299514	Kanggye
125.45011	40.61709	1884	Taedong
125.21633	39.68129	141769	Chongju
128.19273	41.39273	227461	Hyeson
96.78328	48.96643	10	Hodrogo
18.73998	-28.01960	6054	Karasburg
17.15000	-26.49953	10363	Bethanie
16.42999	-28.54949	8496	Oranjemund
17.95993	-24.61960	13380	Mariental
17.08003	-23.31957	25219	Rehoboth
16.14004	-20.10954	6557	Outjo
13.82002	-18.05958	4857	Opuwo
15.58002	-21.99955	9147	Usakos
16.91002	-21.97960	20879	Okahandja
16.64001	-20.45954	24815	Otjiwarongo
15.88000	-17.39952	12423	Oshikango
18.61999	-17.60953	500	Cuangar
24.26001	-17.49962	25027	Katima Mulilo
21.43000	-18.01953	100	Mucusso
-12.99219	27.46291	10	Dawra
-13.84819	26.54819	100	Lemsid
-11.10003	28.43040	64868	Tan Tan
157.23334	57.55040	10	Utkholok
156.35939	52.43898	10	Bol'sheretsk
164.17201	59.96739	10	Il'pyrskiy
165.81834	60.33207	400	Korf
-14.53331	23.88375	6597	Bir Anzarane
98.50007	3.62036	564979	Binjai
99.27336	1.38874	266882	Padangsidempuan
98.96666	2.01707	1305	Tarutung
99.13001	3.33038	268043	Tebingtinggi
127.43598	0.69638	60611	Tidore
100.36146	-0.30315	506964	Bukittinggi
100.78335	-0.66628	50354	Sawahlunto
100.41665	-0.44960	44096	Padangpanjang
128.94049	-3.32813	47653	Amahai
116.13502	-8.57954	499409	Mataram
116.29232	-8.72232	35183	Praya
122.61633	-5.46986	24412	Baubau
122.79001	-0.93959	47778	Luwuk
120.76001	-1.38959	47110	Poso
136.04848	-1.16149	103610	Biak
136.88998	-4.54961	26021	Timika
-51.81000	3.91047	2742	Saint-Georges
-6.35046	53.70889	36533	Drogheda
-6.39559	53.99980	38884	Dundalk
-9.04881	53.27239	75594	Galway
-7.25225	52.65455	21589	Kilkenny
-9.51666	52.05040	11902	Killarney
-8.48332	54.26706	20228	Sligo
-15.48280	11.58295	10769	Bolama
-14.66601	12.16700	29704	Bafatá
17.99998	3.87042	67132	Mbaïki
15.86662	4.93369	38071	Carnot
16.38333	6.31699	40201	Bozoum
19.18001	6.98039	56520	Kaga Bandoro
10.32003	44.81043	166011	Parma
12.22002	44.42037	134631	Ravenna
11.60993	44.85043	130992	Ferrara
11.34002	44.50042	488172	Bologna
9.51507	40.91428	45366	Olbia
9.10398	39.22240	291511	Cagliari
10.40003	43.72047	203336	Pisa
10.30227	43.55113	156274	Livorno
11.34999	43.31703	52625	Siena
11.87497	43.46173	91589	Arezzo
16.60001	38.90038	95251	Catanzaro
14.76994	40.68040	954265	Salerno
14.74999	41.13370	61791	Benevento
16.87276	41.11422	500577	Bari
15.55997	41.46048	155203	Foggia
18.14999	40.36039	162582	Lecce
17.93001	40.64035	104437	Brindisi
17.23000	40.50839	202033	Taranto
15.55000	38.20047	252026	Messina
12.43866	37.80540	77784	Marsala
15.28996	37.07036	123657	Siracusa
14.21866	42.45543	314789	Pescara
13.39002	42.35040	68503	L'Aquila
11.79999	42.10041	61316	Civitavecchia
13.49994	43.60037	100507	Ancona
12.38998	43.11038	149125	Perugia
35.07769	29.52699	95048	Al Aqabah
35.70473	31.18511	80062	Al Karak
25.13329	5.03366	20000	Zemio
23.31665	5.61701	500	Yakossi
9.66999	45.70040	200000	Bergamo
13.80003	45.65038	216035	Trieste
11.36002	46.50043	95895	Bolzano
11.11998	46.08043	107808	Trento
10.99002	45.44039	347459	Verona
97.96636	4.67358	117256	Langsa
104.67148	35.00272	355037	Longxi
106.68009	35.53037	207256	Pingliang
95.79998	40.50043	17886	Anxi
104.03059	34.43618	67826	Minxian
102.17391	38.49570	144363	Jinchang
101.42419	36.04510	7642	Guide
108.61997	21.95043	245376	Qinzhou
106.75668	22.09737	31109	Pingxiang
108.66669	24.50038	47062	Yishan
109.10005	21.48041	728978	Beihai
108.08300	24.69525	3830000	Hechi
109.13002	27.68041	118290	Tongren
109.51666	31.05044	49168	Fengjie
116.19440	40.22477	614821	Changping
117.50000	27.30039	112585	Shaowu
116.99505	25.07352	367896	Longyan
117.67002	24.52038	3531147	Zhangzhou
119.02001	25.43035	376558	Putian
119.62003	27.07043	92470	Fuan
116.31666	25.86699	87458	Changting
118.16999	26.63038	213054	Nanping
119.53006	26.68037	314077	Ninde
115.35000	33.25044	141993	Jieshou
117.78003	30.95045	562832	Tongling
118.48515	31.67256	1366302	Maanshan
115.82000	32.90041	170023	Fuyang
111.97000	21.85041	872363	Yangjiang
116.11998	24.30049	414930	Meizhou
114.68002	23.73042	330961	Heyuan
113.03009	23.70040	706717	Qingyuan
112.45002	23.05041	480000	Zhaoqing
112.38254	24.78152	203639	Lianxian
113.08001	22.58039	532419	Jiangmen
110.87002	21.92040	1217715	Maoming
108.31901	-6.33565	123263	Indramayu
106.89998	-6.90962	276414	Sukabumi
109.01540	-7.71882	1174964	Cilacap
111.03466	-6.74151	122785	Pati
109.67004	-6.87959	272000	Pakalongan
109.12000	-6.86957	237084	Tegal
110.49009	-7.30954	176000	Salatiga
110.17998	-7.46958	111461	Magelang
106.14963	-6.10998	164767	Serang
106.97232	-6.21726	2378211	Bekasi
108.96547	0.91198	248012	Singkawang
105.30002	-5.44960	881801	Bandar Lampung
104.23146	-3.44316	103470	Perabumulih
115.18412	-8.71511	30012	Kuta
115.09440	-8.11520	234468	Singaraja
113.84963	-7.00491	84656	Sumenep
114.36960	-8.19502	172424	Banyuwangi
112.05000	-6.89954	76242	Tuban
113.15003	-7.74962	181656	Probolinggo
112.90002	-7.62957	500000	Pasuruan
112.42997	-7.46958	112557	Mojokerto
111.51499	-7.63459	186099	Madiun
112.00003	-7.78962	235143	Kediri
112.14999	-8.06960	132416	Blitar
120.25301	-9.65824	48828	Waingapu
122.21232	-8.61887	104285	Maumere
121.64895	-8.86232	77205	Ende
119.85309	-3.09683	9960	Makale
120.23632	-3.09993	2444	Palopo
120.33337	-4.53281	81629	Watampone
119.65222	-3.78573	182731	Pinrang
118.96601	-3.53360	272377	Majene
4.38003	45.43039	265684	Saint-Étienne
5.72000	45.18038	388574	Grenoble
-79.94999	-4.37959	13035	Macará
-78.97000	-4.06959	15276	Zamora
-78.60997	-0.92957	94972	Latacunga
-79.59998	-2.17962	109970	Milagro
-79.54001	-1.79959	76279	Babahoyo
-80.09001	-0.68959	44751	Chone
-80.58000	-1.34960	35901	Jipijapa
-77.93634	-2.85431	293	Yaupi
-78.12000	-2.30959	23687	Macas
-78.15999	0.05037	27881	Cayambe
-78.61999	-1.26960	281425	Ambato
-77.80999	-0.97959	31126	Tena
-75.59049	7.03059	35315	Yarumal
-74.42002	6.48044	33983	Puerto Berrío
-76.73998	8.10037	50508	Turbo
-73.37003	5.55045	161412	Tunja
-73.81995	5.62039	53975	Chiquinquirá
-73.02005	5.83046	101156	Duitama
-75.15002	8.33041	23639	Ayapel
-75.81600	9.24185	52771	Lorica
-73.26998	6.46034	24895	Socorro
-72.90998	11.54034	133186	Riohacha
-80.44029	22.14445	186644	Cienfuegos
-82.79999	21.88371	25566	Nueva Gerona
-79.44250	21.93015	127069	Sancti Spíritus
-82.61998	9.52039	1823	Sixaola
-84.83359	9.97016	57102	Puntarenas
-83.53000	8.96037	3850	Ciudad Cortés
-84.43997	10.33049	31106	Quesada
-85.43332	10.63376	45380	Liberia
-85.63000	11.07042	4319	La Cruz
-78.98550	1.26710	11441	Valdez
-78.86006	1.27040	20209	San Lorenzo
-79.66998	0.93042	173101	Esmeraldas
-89.55976	13.99461	234478	Santa Ana
-78.62748	22.10985	66060	Morón
-77.26444	21.54565	54022	Nuevitas
-77.11665	20.34376	128188	Manzanillo
-76.64329	20.37954	192632	Bayamo
-75.71859	20.96292	53104	Banes
-76.95438	20.96013	203684	Las Tunas
-69.29997	18.45036	217899	San Pedro de Macorís
-75.68113	4.53428	315328	Armenia
-75.67999	4.81039	568750	Pereira
-74.75000	5.19034	35469	Honda
-74.77032	2.10949	1500	San Vicente del Caguán
-75.61999	1.61040	130337	Florencia
-77.85999	2.56040	13853	Guapi
-75.33025	2.93105	352855	Neiva
-75.64997	2.21039	56603	Garzón
-77.65000	0.83037	109618	Ipiales
-77.05045	3.87240	252805	Buenaventura
-76.21001	4.09038	165501	Tuluá
-78.13000	0.36038	146741	Ibarra
-75.13000	9.72037	60980	El Carmen de Bolívar
-77.75640	7.12175	2351	Juradó
-77.27455	5.68518	2741	Nuquí
-76.66001	5.69041	92780	Quibdó
-73.98002	9.00034	54522	El Banco
-74.25000	11.01040	131171	Ciénaga
-75.37996	9.29043	261187	Sincelejo
-75.57204	9.53584	27390	Tolú
-70.76163	7.09066	69264	Arauca
-71.74003	6.46034	29099	Tame
-72.66002	7.39039	53587	Pamplona
-73.35000	8.24041	83511	Ocaña
-71.34002	4.79455	2835	Orocue
-67.90610	3.85404	9065	Inírida
-73.68998	3.69041	16273	San Martín
-67.49302	6.18504	10216	Puerto Carreño
-82.76188	22.81340	68073	Artemisa
-81.57749	23.04153	146733	Matanzas
-80.90580	22.71958	63882	Colón
-80.07109	22.80903	62073	Sagua la Grande
-61.08003	14.61041	253995	Fort-de-France
18.61503	4.33034	17667	Zongo
18.61999	3.66043	27053	Libenge
21.05002	1.51036	4105	Bongandanga
23.26658	-1.18294	291	Ikela
20.41998	2.38341	64639	Binga
19.80002	1.23371	52216	Basankusu
20.86001	-0.21959	32091	Boende
21.01995	4.29037	50493	Gbadolite
20.86998	3.34038	34247	Businga
19.88002	4.19038	14553	Bosobolo
16.52777	20.45874	204	Zouar
14.71470	13.45896	3303	Bol
9.41859	1.11640	628	Calatrava
11.31656	1.63368	6560	Mongomo
18.33329	13.21706	25373	Ati
19.68334	13.30041	19271	Oum Hadjer
18.69999	12.18374	27763	Mongo
16.85002	8.65044	29597	Doba
14.96662	9.35042	35466	Pala
15.38716	10.28595	193941	Bongor
15.80001	9.31707	96224	Kelo
18.09139	42.66095	36994	Dubrovnik
16.46999	43.52040	214741	Split
15.26226	44.12013	71258	Zadar
31.00001	30.79043	404901	Tanta
32.25998	30.59034	656135	Ismaïlia
31.38004	31.05044	600000	El Mansura
31.82001	31.42039	299459	Dumyat
27.23001	31.35042	103470	Matruh
28.94995	30.81707	7400	El Alamein
28.43329	31.03378	14212	El Daba
25.15003	31.56697	7330	Salum
30.47002	31.05044	500000	Damanhûr
30.71000	28.30043	152097	Samalut
30.83997	27.73041	217365	Mallawi
30.81000	28.49039	79553	Beni Mazar
31.09003	29.08038	489450	Beni Suef
30.39002	31.46039	199509	Rashid
27.96655	27.06715	5000	Qasr Farafra
28.88329	25.70043	1716	El Qasr
32.54994	25.29041	100000	Isna
32.72001	26.15046	302027	Qena
31.88001	26.33037	128250	Girga
31.70002	26.55041	600000	Sohag
35.48418	23.94599	10	Berenice
33.93332	26.73373	32944	Bur Safaga
33.61480	28.23939	27628	El Tur
33.80056	31.12488	178651	El Arish
24.43002	0.77038	35531	Yangambi
23.77998	2.74046	58601	Aketi
30.03330	1.95043	2819	Mongbwalu
27.26659	1.08385	149	Bafwasende
30.24000	1.56041	96764	Bunia
27.98996	2.14042	146871	Wamba
23.59002	1.24043	43709	Basoko
36.65749	15.11038	15255	Tessenei
37.88667	15.54904	28600	Agordat
39.45004	15.61012	142564	Massawa
38.45435	15.78144	150000	Keren
38.81633	14.88598	257390	Mendefera
42.71252	11.15623	40074	Ali Sabih
43.28556	11.97344	17776	Obock
7.08002	50.72046	680543	Bonn
7.62004	51.97040	270184	Münster
6.77999	51.22037	1220000	Düsseldorf
10.00000	48.40039	172955	Ulm
8.47002	49.50037	2362000	Mannheim
7.86995	48.00041	254889	Freiburg
8.65000	50.58372	82358	Gießen
8.25003	50.08039	617126	Wiesbaden
8.57998	53.55044	137751	Bremerhaven
8.04999	52.28044	231268	Osnabrück
9.71666	52.36697	722490	Hanover
9.92000	51.52043	139419	Göttingen
12.07000	50.87037	104659	Gera
11.58001	50.93044	104712	Jena
9.43332	54.78375	97930	Flensburg
10.66998	53.87039	235390	Lübeck
10.13002	54.33039	269427	Kiel
7.59999	50.35048	312633	Koblenz
6.97000	49.25039	770001	Saarbrücken
13.36000	49.74044	164180	Pizen
12.12003	49.02040	164359	Regensburg
12.13331	47.85035	92809	Rosenheim
11.91668	50.31704	56153	Hof
9.95003	49.80043	168561	Würzburg
11.44999	48.77042	163325	Ingolstadt
13.84808	44.86872	61599	Pula
15.58333	49.40038	53921	Jihlava
17.65002	49.23042	124610	Zlín
16.60998	49.20039	388277	Brno
15.76001	50.04042	107064	Pardubice
14.32997	51.77042	105067	Cottbus
13.06999	52.40040	218095	Potsdam
11.62000	52.13042	229826	Magdeburg
12.40998	51.33541	542529	Leipzig
18.68004	45.55038	95077	Osijek
18.24999	49.83035	478963	Ostrava
28.16029	59.37763	66980	Narva
79.98332	32.20040	10000	Gar
89.16504	42.93538	651853	Turpan
85.53332	38.13376	65572	Quiemo
89.53022	46.99112	80000	Koktokay
104.47144	0.91683	226666	Tanjungpinang
108.20000	4.21699	140	Telukbutun
110.42999	35.47043	222135	Hancheng
109.50008	34.50044	172321	Weinan
112.42000	39.30038	570000	Shuozhou
112.71998	38.41043	279607	Xinzhou
112.83000	35.50038	760000	Jincheng
111.89998	37.04002	77178	Jiexiu
113.10528	36.18388	706000	Changzhi
114.00001	31.62038	154771	Guangshui
112.20103	31.03141	400000	Jingmen
111.50001	30.30044	237042	Zicheng
112.40000	29.70040	231787	Shishou
113.90001	30.92040	160437	Xiaogan
113.88002	29.72042	205164	Puqi
110.81364	32.80816	133558	Yunxian
111.85171	29.63210	274000	Jinshi
113.03009	25.80043	322997	Chenzhou
109.67805	27.44095	113907	Zhijiang
112.90002	27.85043	2586948	Xiangtan
104.77806	29.40195	1105000	Zigong
103.08000	29.98043	340000	Yaan
105.96556	31.57594	60542	Langzhong
101.91666	30.95045	70000	Rongzhag
100.97817	22.78069	162725	Simao
104.24970	23.37236	152388	Wenshan
103.81665	25.60046	652604	Zhanyi
103.41667	26.35042	5170	Huize
117.93000	40.96038	449325	Chengde
116.87001	38.32039	527681	Cangzhou
115.46890	38.85834	1107000	Baoding
117.33004	38.37043	120000	Huanghua
115.00000	38.50043	152934	Dingzhou
115.37000	37.37039	82386	Nangong
115.68001	36.85040	110046	Linqing
114.50003	37.04997	611739	Xiangtai
114.98000	35.70039	666322	Puyang
114.22005	35.95038	244662	Hebi
113.82002	34.02039	449258	Xuchang
114.63005	33.63041	377061	Zhoukou
112.08002	32.68037	59338	Dengzhou
123.81998	42.30038	340000	Tieling
120.41998	41.55042	470296	Chaoyang
125.34598	41.25633	116621	Huanren
122.96189	39.68229	261510	Zhuanghe
118.61998	35.79044	94115	Yishui
116.07998	34.79042	74459	Shanxian
117.62005	35.51043	78254	Pingyi
119.94001	36.79038	91077	Pingdu
117.66004	36.20041	124108	Laiwu
117.98444	37.38045	115893	Buizhou
115.97002	36.43042	226930	Liaocheng
119.45001	35.43038	865000	Rizhao
116.30002	37.45041	379555	Dezhou
116.36002	27.97035	241104	Linchuan
115.77003	28.20041	61469	Fengcheng
115.00000	27.13042	520248	Jian
117.97000	28.47039	1144577	Shangrao
117.18002	29.27042	457298	Jingdezhen
119.90001	32.49041	612356	Taizhou
118.77336	34.12987	1770000	Shuyang
119.22619	34.58701	715600	Lianyungang
119.90001	28.45042	172777	Lishui
121.44999	28.68041	471500	Jiaojing
118.87000	28.97044	370000	Quzhou
132.56559	34.25097	196991	Kure
133.06665	35.46699	156811	Matsue
134.23329	35.50038	154098	Tottori
129.71770	33.16313	237444	Sasebo
124.82002	45.18038	495900	Songyuan
128.22002	43.35049	191870	Dunhua
125.17007	44.43040	141482	Nongan
122.78004	45.33042	116611	Taonan
125.71733	42.27885	68938	Liuhe
126.26143	42.62294	66315	Huinan
126.05612	42.94264	86216	Panshi
127.34596	43.71628	123018	Jiaohe
126.93596	41.83635	84315	Linjiang
129.73434	43.32478	88732	Wangqing
129.00436	42.53475	85756	Helong
126.94873	44.40911	78764	Shulan
125.84435	44.14473	205399	Jiutai
130.82002	33.87040	997536	Kitakyūshū
130.70064	32.80093	718232	Kumamoto
131.59790	33.24323	448907	Ōita
105.66863	38.83901	56387	Alxa Zuoqi
118.03330	43.51707	679	Linxi
121.19998	43.58373	2809	Kailu
119.18336	43.98371	50000	Bairin Zuoqi
121.51666	50.65162	19645	Yitulihe
120.73004	49.28041	116284	Yakeshi
121.93337	48.78380	17457	Bugt
108.27219	41.08962	30057	Wuyuan
109.97111	41.76764	27476	Bayan Obo
113.14435	40.45470	99174	Fengzhen
126.97999	46.63042	252245	Suihua
131.35001	46.67042	500000	Shuangyashan
127.97001	45.22043	96980	Shangzhi
132.01999	47.27038	89442	Fujin
125.29999	47.88040	39924	Yian
123.40998	46.39036	75992	Tailai
123.18002	47.34040	106384	Longjiang
123.51002	47.92037	59239	Gannan
126.93002	47.45042	109881	Hailun
131.88000	45.55038	87257	Mishan
128.05000	46.95038	109636	Tieli
126.27998	45.35034	130710	Shuangcheng
125.98000	46.08043	179980	Zhaodong
126.27595	46.26636	72528	Lanxi
125.86595	48.02633	72403	Keshan
129.28595	47.13636	121367	Nancha
129.50593	48.23634	55415	Xinqing
132.99223	45.76903	42559	Hulin
130.57595	45.75637	95260	Boli
129.46594	44.33134	54636	Ningan
136.76275	35.42310	412895	Gifu
136.51667	34.71707	500000	Tsu
137.97002	36.24043	224926	Matsumoto
138.38539	34.98584	701561	Shizuoka
137.73272	34.71807	977023	Hamamatsu
143.17001	42.93041	173890	Obihiro
141.55001	42.65041	174806	Tomakomai
143.89999	43.85036	113137	Kitami
140.97831	43.18872	143792	Otaru
136.22005	36.07042	248707	Fukui
135.33333	35.45041	92465	Maizuru
135.16771	34.22312	440006	Wakayama
140.48004	36.37043	353892	Mito
138.58331	35.65039	197540	Kōfu
140.89005	37.05535	357309	Iwaki
138.86004	37.45041	195318	Nagaoka
140.32000	38.27049	272209	Yamagata
139.83021	38.70041	99820	Tsuruoka
16.89994	-4.82959	241	Kenge
16.23998	-2.15952	27862	Bolobo
19.00002	-7.28293	50000	Kahemba
18.59999	-4.54961	48344	Bulungu
16.51666	-5.58293	177	Lusanga
19.53001	-4.03961	37188	Mangai
16.82997	-6.47962	20060	Kasongo-Lunda
16.92004	-3.01962	33062	Mushie
22.87001	-6.50954	603	Dibaya
21.56999	-4.83962	50675	Mweka
21.41000	-5.34951	35183	Luebo
22.25997	-5.50960	22263	Demba
20.61000	-4.31960	107093	Ilebo
12.35500	-5.92291	153915	Moanda
14.43332	-5.54960	10578	Kimpese
15.17999	-4.57958	27961	Kasangulu
14.86001	-5.24962	197545	Mbanza-Ngungu
12.93000	-4.96958	38845	Tshela
28.43252	-3.03823	2216	Mwenga
26.67004	-3.59954	37034	Kampene
26.43000	-2.50958	194	Kalima
26.58333	-0.73289	1313	Lubutu
24.47999	-6.12961	59004	Kabinda
25.74999	-5.38956	43068	Lubao
23.43003	-4.96958	41416	Lusambo
23.96003	-6.73960	154425	Gandajika
23.59141	-3.53214	68244	Lodja
22.33330	-10.69962	7854	Dilolo
28.01668	-5.94957	15397	Nyunzu
23.44998	-10.36620	11969	Kasaji
28.70000	-8.69959	861	Luanza
29.71998	-7.05958	10006	Moba
25.84001	-9.20958	38770	Bukama
24.17004	-7.56963	36481	Kaniama
27.25001	-11.75961	113347	Kipushi
26.60002	-10.86958	36702	Kambove
26.98000	-5.37948	105202	Kongolo
26.91003	-6.04962	29833	Kabalo
29.45003	0.49045	332903	Beni
101.39644	-2.06314	95913	Sungaipenuh
112.95005	-2.53294	92710	Sampit
114.38448	-2.98372	35632	Kualakapuas
113.90999	-2.20960	148289	Palangkaraya
-91.46998	15.32039	85992	Huehuetenango
-89.88328	16.93368	38035	Flores
-90.11999	16.78043	8646	La Libertad
-90.82003	13.93973	18655	San Jose
-90.78000	14.30040	107638	Escuintla
-91.50998	14.53036	64652	Mazatenango
-71.65003	19.86699	17001	Monte Cristi
-71.09999	18.20037	90128	Barahona
-68.44997	18.71701	795	Bávaro
-54.03254	5.49762	24287	Saint-Laurent-du-Maroni
-53.21999	5.48043	1536	Iracoubo
-14.65002	13.43364	7615	Bansang
-16.65995	13.28036	195136	Brikama
-0.83998	9.40042	360579	Tamale
-0.01665	9.43373	42972	Yendi
-0.84998	10.79039	82177	Bolgatanga
-0.24000	11.06040	73594	Bawku
-2.50001	10.06040	78107	Wa
-1.65999	6.19041	180117	Obuasi
-2.59001	7.45038	46287	Berekum
-0.63005	5.35043	44254	Winneba
-1.24999	5.11037	143015	Cape Coast
-0.78002	6.55046	62667	Nkawkaw
-0.26002	6.09042	156653	Koforidua
0.01001	5.64037	209000	Tema
0.46999	6.60041	93044	Ho
14.82001	-0.87960	10650	Ewo
13.93330	1.01708	3170	Mékambo
12.86659	0.56708	17070	Makokou
11.56662	0.78371	4111	Mitzik
11.48337	2.08366	17637	Bitam
75.72002	32.27034	253987	Pathankot
75.02998	29.49038	181639	Sirsa
76.96997	29.40041	292808	Panipat
76.96997	29.68045	225049	Karnal
74.35003	34.20043	167986	Baramula
78.57003	14.75043	197451	Proddatur
78.48664	15.46410	188654	Nandyal
77.48999	13.78036	168312	Hindupur
79.42000	13.65042	287035	Tirupati
80.05771	15.50558	202860	Ongole
83.40137	18.11099	179358	Vizianagaram
81.78998	17.03034	304804	Rajahmundry
81.18000	16.20042	192827	Machilipatnam
80.16006	17.28043	290839	Khammam
80.34000	15.86041	253000	Chirala
79.10999	18.46044	288251	Karimnagar
78.10003	18.67040	388505	Nizamabad
76.56999	8.90037	394163	Kollam
76.37001	9.50041	176783	Alappuzha
85.90002	19.82043	201026	Puri
83.97006	21.47041	310852	Sambalpur
84.82995	22.23041	625831	Raurkela
72.63687	10.56257	10688	Kavaratti
76.92000	12.57038	285034	Mandya
78.13336	13.13371	144625	Kolar
75.56003	13.93038	654055	Shivamogga
77.35501	16.21037	255240	Raichur
76.37502	15.28040	286007	Hosapete
77.51753	17.92292	300136	Bidar
74.57502	16.86040	601214	Sangli
76.76001	19.27039	378326	Parbhani
74.52500	20.56036	690844	Malegaon
92.73598	11.66703	127562	Port Blair
92.80001	26.63376	58851	Tezpur
92.79004	24.79041	152393	Silchar
94.11657	25.66700	92113	Kohima
91.88001	25.57049	375527	Shillong
177.41660	-17.79960	42284	Nandi
177.46662	-17.61610	55894	Lautoka
10.21663	-0.69961	25310	Lambaréné
10.38323	-0.33291	134	Bifoum
11.38327	-2.38292	6200	Ndende
11.01668	-1.86615	28000	Mouila
9.24997	-1.56622	1667	Omboué
13.20001	-1.56550	30151	Moanda
13.67955	-0.65677	7155	Okandja
12.48331	-1.13292	16222	Koulamoutou
-1.64999	49.65039	60991	Cherbourg
-0.34999	49.18375	190099	Caen
-3.36658	47.75041	84952	Lorient
-4.49501	48.39044	144899	Brest
0.20258	48.00439	144515	Le Mans
-1.59002	47.21039	438537	Nantes
0.63334	44.20041	58223	Agen
8.72829	41.92706	54364	Ajaccio
9.45001	42.70317	41001	Bastia
5.91882	43.13419	357693	Toulon
3.20997	43.35049	81438	Béziers
3.86999	43.61040	327254	Montpellier
4.35001	43.83038	169547	Nîmes
3.41668	46.11715	43158	Vichy
3.16667	46.98373	45929	Nevers
3.56659	47.80043	41516	Auxerre
5.03002	47.33040	169946	Dijon
2.40000	47.08373	72340	Bourges
0.69995	47.38038	236096	Tours
1.90003	47.90042	217301	Orléans
1.08333	49.93373	42461	Dieppe
1.07997	49.43041	532559	Rouen
2.13335	48.80047	85416	Versailles
1.53333	45.15041	55448	Brive
4.08336	48.34039	61703	Troyes
4.02998	49.25039	196565	Reims
1.83331	50.95042	92201	Calais
2.30000	49.90038	143086	Amiens
7.34998	47.75041	215454	Mulhouse
6.20002	48.68368	268976	Nancy
6.18003	49.12035	409186	Metz
-72.54995	-47.26628	4441	Cochrane
-69.68330	-20.98287	10	Lagunas
-69.80001	-20.26963	10830	Pozo Almonte
-68.01663	-23.18289	378	Toconao
-71.22001	-28.46959	2558	Huasco
-70.05000	-26.36962	18137	Diego de Almagro
-70.83003	-27.06963	10259	Caldera
-71.34361	-29.95292	161317	Coquimbo
-70.73998	-30.02950	13496	Vicuña
-71.17001	-31.62961	26340	Illapel
-70.97997	-31.77957	20214	Salamanca
-70.59999	-32.82959	56859	Los Andes
-71.60998	-33.59951	104292	San Antonio
-72.34001	-38.23954	24555	Victoria
-73.16999	-38.70949	11875	Carahue
-72.82998	-39.84952	12813	Los Lagos
-73.16002	-37.08958	49763	Lota
-73.64999	-37.60955	22345	Lebu
-73.59999	-43.09961	7029	Quellón
-72.41998	-35.32959	37917	Constitución
-51.17852	68.81927	1341	Qasigiannguit
18.04002	1.64038	20859	Impfondo
14.58003	1.64038	9679	Sembe
15.21668	2.03374	12244	Moloundou
19.91474	39.61542	38517	Kerkira
22.37940	37.50914	28970	Tripoli
22.42968	37.07372	16187	Sparti
21.40773	38.62176	75233	Agrinio
21.45000	37.68373	22399	Pirgos
22.42002	39.63041	128758	Larissa
20.85086	39.66790	86304	Ioanina
26.55465	39.11042	29328	Mitilini
26.13581	38.36811	26891	Hios
23.61240	38.46399	71842	Chalkida
26.09855	35.20042	8833	Sitia
22.50249	40.27233	53293	Katerini
23.54971	41.08598	55886	Seres
24.88359	41.14179	50570	Xanthi
24.93330	37.45041	12260	Ermoupoli
27.28881	36.89373	19244	Kos
28.22250	36.44122	56969	Rodos
41.67161	42.15566	47149	Poti
45.05000	41.57037	157063	Rustavi
42.68720	37.14454	134863	Zakho
42.44975	36.37598	144465	Tall Afar
43.67696	34.59705	56591	Tikrit
34.97808	32.82236	1011000	Haifa
35.29551	32.70398	151459	Nazareth
44.02449	32.61492	510692	Karbala
39.53003	9.68038	65231	Debre Birhan
40.01656	11.18375	19260	Bati
39.46998	14.28043	104021	Adigrat
38.72000	14.13041	47487	Aksum
38.41000	6.75043	36292	Yirga Alem
37.85003	7.55038	89300	Hosaina
38.31000	6.41042	47021	Dila
37.97002	8.53042	114534	Giyon
37.85003	8.98039	43920	Hagere Hiywet
36.53001	9.09046	73018	Nekemte
39.13993	7.95040	82240	Asela
38.59004	7.20040	114350	Shashemene
34.79998	8.53373	27780	Dembi Dolo
35.83331	9.16702	31809	Gimbi
34.53333	10.06699	30512	Asosa
42.78999	9.35042	56821	Jijiga
13.10002	54.30042	61368	Stralsund
12.15000	54.07038	203080	Rostock
26.60002	67.41706	8942	Sodankylä
25.74999	62.26035	98136	Jyväskylä
27.69494	62.89429	91900	Kuopio
28.18333	61.06706	59276	Lappeenranta
25.66602	60.40036	12242	Porvoo
57.44491	49.47306	28196	Oktyabrsk
57.33499	49.90317	28267	Algha
55.87400	48.69169	7657	Bayghanin
58.14419	48.82677	18760	Embi
61.23992	52.19298	46740	Zhetiqara
62.05021	53.75055	9838	Komsomolets
62.57493	52.69801	7155	Tobol
64.59997	52.45800	8049	Qusmuryn
66.75002	44.16701	29832	Shieli
51.57979	47.67137	8905	Makhambet
51.14493	50.19150	6000	Chapaev
46.87723	49.42764	8212	Zhanibek
53.03489	51.17144	34799	Aqsay
66.37749	51.95697	13504	Esil
66.30747	51.10206	15848	Derzhavinsk
69.83278	51.63242	694	Zhaltyr
70.40995	52.64036	23020	Makinsk
71.95973	52.45020	8543	Aqsu
71.70988	51.75024	6876	Zholymbet
73.10493	51.63032	25141	Erymentau
73.61911	46.11955	4365	Saryshaghan
70.79991	48.02527	22170	Qarazhal
71.64993	48.69032	19616	Atasu
72.34141	53.63676	6779	Kishkenekol
69.76379	53.84812	13148	Tayynsha
70.43998	54.90532	9886	Bulaevo
75.44991	53.34531	9216	Ertis
76.08997	53.08036	8931	Kachiry
84.85982	47.47523	17600	Zaysan
84.25485	49.74527	49658	Zyryanovsk
83.51494	50.35539	56756	Ridder
81.05494	49.60032	9087	Shar
81.60483	47.10019	14826	Urzhar
79.91491	45.42034	76919	Sarqan
77.96996	45.26534	20492	Ushtobe
79.47028	43.54208	3902	Shonzhy
77.06872	43.88439	42167	Qapshaghay
75.21390	43.53459	11238	Otar
51.85972	32.01149	118301	Qomsheh
51.57999	33.98042	250000	Kashan
51.46997	32.70042	437138	Khomeini Shahr
53.67149	28.97183	124458	Fasa
55.17145	37.25182	159982	Gonbad-e Kavus
54.48002	36.83035	281023	Gorgan
52.36330	36.47133	221650	Amol
53.10000	36.55039	271467	Sari
53.37430	35.55479	124826	Semnan
50.96806	35.80230	1423000	Karaj
50.26147	30.58181	85707	Behbehan
48.47000	32.38039	315482	Dezful
48.35001	33.48042	375198	Khorramabad
46.43002	33.63041	152894	Ilam
45.28028	31.30986	174978	As Samawah
46.26755	31.04295	451547	An Nasiriyah
47.15117	31.84161	345007	Al Amarah
45.83037	32.49072	321521	Al Kut
50.33144	35.02183	175533	Saveh
49.70000	34.08041	503647	Arak
50.26664	44.51706	5213	Fort Shevchenko
52.80002	43.30039	8895	Zhangaozen
45.72004	36.77038	162434	Mahabad
44.97001	38.53040	202728	Khvoy
46.22001	37.42039	151385	Maragheh
45.57721	34.51237	11202	Qasr-e Shirin
47.59367	35.87407	53871	Bijar
45.43086	35.56128	723170	As Sulaymaniyah
44.65726	33.74764	299479	Baqubah
60.89379	33.50649	2000	Yazdan
60.61288	35.22334	104578	Torbat-e Jam
58.50148	37.11183	145531	Quchan
60.62993	25.30041	65801	Chabahar
74.18234	30.12634	130603	Abohar
76.38499	30.32041	329224	Patiala
74.63502	25.35043	389911	Bhilwara
73.32993	25.79038	210103	Pali
75.79004	26.15046	181734	Tonk
75.14000	27.61039	400000	Sikar
73.33224	28.01508	576015	Bikaner
77.50741	27.20937	229384	Bharatpur
76.60493	27.54536	283228	Alwar
68.80483	42.43688	42648	Arys
74.03025	44.93874	100	Burylbaytal
73.74484	43.59526	42439	Shu
72.70496	42.92036	13128	Qulan
73.25490	42.91530	22673	Oytal
70.45998	43.18539	37881	Qaratau
80.80002	25.88037	166480	Fatehpur
82.17001	26.75039	153047	Faizabad
81.60611	27.56743	182218	Bahraich
82.56999	25.14538	245817	Mirzapur
78.55747	25.45295	826494	Jhansi
79.90503	27.88038	320434	Shahjahanpur
79.02499	28.81536	296418	Rampur
79.41805	28.34733	817000	Bareilly
79.01496	26.78546	257448	Etawah
78.05001	30.32041	714223	Dehra Dun
88.31852	22.58470	4841638	Haora
89.56667	26.48374	127342	Alipur Duar
88.05833	22.02567	200762	Haldia
88.41363	22.85282	483129	Bhatpara
87.33387	22.39972	169127	Medinipur
88.45500	26.72042	515574	Siliguri
87.47997	25.78541	198453	Purnia
85.37995	26.12043	333200	Muzaffarpur
84.38001	24.77041	95929	Aurangabad
82.15999	22.09042	543454	Bilaspur
76.17241	21.28452	197233	Burhanpur
75.79004	23.19040	513350	Ujjain
75.02998	23.35039	307229	Ratlam
78.75002	23.85039	328240	Sagar
79.15004	12.92039	177081	Vellore
79.09997	12.26037	138243	Tiruvannamalai
77.58001	9.42039	369991	Rajapalaiyam
79.77000	11.72041	158569	Cuddalore
78.08334	10.95038	76915	Karur
79.71667	12.83372	155029	Kanchipuram
77.68998	8.73041	542200	Tirunelveli
77.42999	8.18037	224329	Nagercoil
79.15004	10.77041	219571	Thanjavur
79.38753	10.95130	139264	Kumbakonam
76.96997	10.32042	114308	Valparai
77.33000	11.08042	650000	Tiruppur
72.85001	20.41701	39737	Daman
72.92003	20.85039	163000	Navsari
69.67359	23.23383	289429	Bhuj
72.12995	21.77842	554978	Bhavnagar
72.64356	23.21899	195891	Gandhinagar
93.61660	27.10040	44971	Itanagar
92.72002	23.71040	283021	Aizawl
91.28000	23.83540	203264	Agartala
15.92000	-0.47962	34070	Owando
15.64002	-0.00957	11355	Makoua
13.35003	-3.68961	22811	Sibiti
12.71999	-2.93963	30936	Mossendjo
12.67002	-4.17960	103894	Loubomo
15.85003	-1.87949	20877	Gamboma
14.74999	-2.53960	9651	Djambala
10.61665	55.07042	29180	Svendborg
10.38334	55.40038	158222	Odense
8.45002	55.46704	72205	Esbjerg
10.53330	57.43369	24103	Frederikshavn
9.91659	57.03371	122219	Aalborg
-5.20003	9.60041	62008	Ferkessédougou
-9.01998	9.27038	15406	Kérouané
-9.16663	11.41709	50159	Siguiri
-12.10002	10.38039	71153	Mamou
-14.60501	10.68541	34973	Kamsar
-13.54998	10.38039	23729	Fria
-7.58001	9.51041	49857	Odienné
-9.48000	8.55037	43102	Macenta
-9.26999	7.57043	3614	Yomou
-10.75000	10.04041	19469	Faranah
-10.12001	9.19046	66815	Kissidougou
-7.54999	7.40041	146974	Man
-6.67002	7.95040	51157	Séguéla
-5.87999	6.15041	123184	Gagnoa
-6.61002	5.79041	108933	Soubré
-6.63997	4.77042	210273	San-Pedro
-6.08328	4.95038	38411	Sassandra
-2.80002	8.03043	58297	Bondoukou
-4.28003	5.94035	81770	Agboville
-4.71001	6.65046	67349	Dimbokro
-3.74999	5.20039	73772	Grand Bassam
-4.38995	5.32036	72913	Dabou
-7.48997	6.55046	39134	Guiglo
-3.49000	6.73038	104020	Abengourou
40.28446	33.03846	22370	Ar Rutbah
43.77727	33.34767	231819	Al Fallujah
44.42172	32.47214	594605	Al Hillah
-61.53300	16.24148	145511	Pointe-à-Pitre
-61.70548	16.01041	307	Basse-terre
55.71282	-21.03351	35310	St.-Benoit
-60.61998	-3.28958	59102	Manacapuru
-57.72003	-3.38963	32561	Maués
-44.67002	-4.56961	13638	Pedreiras
-43.87997	-4.47959	83288	Codó
-44.15000	-4.12958	34129	Coroatá
-43.36000	-3.73953	40804	Chapadinha
-45.09000	-2.51960	38893	Pinheiro
-45.25996	-5.50960	48901	Barra do Corda
-45.00000	-3.20959	26689	Viana
-44.24000	-6.03954	25158	Colinas
-46.14001	-1.19648	18958	Viseu
-47.09000	-1.74962	32704	Capitão Poço
-47.93003	-1.28960	137406	Castanhal
-47.33999	-0.60949	40998	Salinópolis
-54.79000	-1.93959	26290	Alenquer
-55.86998	-1.75960	35581	Oriximiná
-49.94805	-7.10061	4047	Xinguara
-49.11569	-4.43946	51375	Jacundá
-54.02999	-3.82960	10	Uruará
-52.21000	-3.19961	70888	Altamira
-47.49001	-2.95958	69613	Paragominas
-49.50999	-2.23962	45200	Cametá
-61.78063	-11.73020	24516	Rolim de Moura
-63.07999	-9.93961	58096	Ariquemes
-65.35972	-9.69539	1929	Abunã
-47.41998	-6.31958	8750	Tocantinópolis
-49.05999	-11.71961	64789	Gurupi
-55.79002	-20.46962	40803	Aquidauana
-51.20001	-19.67959	32217	Paranaíba
-44.25000	-19.44963	201334	Sete Lagoas
-44.89998	-20.14953	193832	Divinópolis
-42.52000	-19.47960	407894	Ipatinga
-46.95001	-19.57959	82595	Araxá
-45.00995	-21.24957	81472	Lavras
-42.95002	-21.11960	97828	Ubá
-45.27999	-20.88959	47491	Campo Belo
-42.89995	-20.40962	48187	Ponte Nova
-44.42999	-18.75959	63954	Curvelo
-46.86999	-17.19958	70753	Paracatu
-43.81005	-17.10962	32114	Bocaiúva
-42.06995	-16.85960	22005	Araçuaí
-43.30998	-15.79962	56572	Janaúba
-58.76552	-11.42976	980	Juina
-52.26000	-15.87961	52398	Barra do Garças
-59.34998	-15.21960	29381	Pontes e Lacerda
-57.19001	-15.06959	31311	Barra do Bugres
-54.63998	-16.46950	152912	Rondonópolis
-57.08999	-29.76962	123480	Uruguaiana
-56.00998	-28.65961	59613	São Borja
-51.13999	-29.70962	876990	Novo Hamburgo
-52.12001	-32.04948	187838	Rio Grande
-51.81000	-30.83963	53169	Camaquã
-51.51997	-29.16950	94271	Bento Gonçalves
-50.94000	-28.49962	56765	Vacaria
-53.91995	-28.38955	71202	Ijuí
-54.45997	-27.86953	59281	Santa Rosa
-51.92997	-23.40954	328335	Maringá
-53.46003	-24.95958	257172	Cascavel
-52.41999	-24.04961	75401	Campo Murao
-54.52999	-25.52347	440455	Foz do Iguaçu
-48.59999	-26.23960	36224	São Francisco do Sul
-51.07997	-26.23960	71578	Porto União
-48.68001	-26.89961	327126	Itajaí
-48.66001	-28.22961	43450	Imbituba
-50.30999	-27.80958	164676	Lajes
-40.84000	-3.11951	25879	Granja
-39.42001	-7.22960	273883	Crato
-39.58002	-3.49954	55784	Itapipoca
-39.04003	-3.39955	21196	Paracuru
-40.11999	-2.88960	28389	Acaraú
-40.31003	-5.99949	29188	Tauá
-40.66600	-5.16559	52933	Crateús
-38.87999	-4.32957	22417	Baturité
-40.72006	-4.31960	26678	Ipú
-43.02997	-6.76957	48587	Floriano
-41.78999	-4.26957	44864	Piripiri
-36.58003	-10.26962	42097	Penedo
-39.28002	-14.78960	221938	Itabuna
-39.52995	-17.03959	47628	Itamaraju
-42.78998	-14.22959	58877	Guanambi
-39.08003	-16.42961	123173	Porto Seguro
-39.08003	-13.35961	63231	Valença
-39.01001	-11.64959	56829	Serrinha
-38.78999	-10.96963	31203	Tucano
-40.19001	-10.44961	48471	Senhor do Bonfim
-42.11000	-9.59958	37945	Remanso
-40.62998	-15.23960	23558	Itambé
-43.44002	-13.24954	40691	Bom Jesus da Lapa
-40.29998	-12.51961	47301	Itaberaba
-39.85998	-18.72962	77117	São Mateus
-37.29001	-7.01959	92575	Patos
-44.09497	-22.51957	456362	Volta Redonda
-43.19998	-22.50949	286071	Petrópolis
-35.43999	-6.46959	23166	Nova Cruz
-37.10002	-6.45962	54934	Caicó
-36.91006	-5.57962	36125	Açu
-37.45002	-11.26961	55654	Estância
-96.68331	49.51709	9729	Steinbach
-98.85002	55.80046	2500	Nelson House
-92.08328	55.85037	870	Shamattawa
-95.26660	54.95040	184	Oxford House
-102.46655	51.21707	15172	Yorkton
-107.76661	50.28374	14906	Swift Current
-107.98329	52.05040	2192	Biggar
-109.13330	51.46697	4383	Kindersley
-108.43474	54.13012	5882	Meadow Lake
-102.38330	52.85043	2157	Hudson Bay
-112.83328	49.70049	70617	Lethbridge
-111.90000	50.56705	14163	Brooks
-116.18328	51.43369	1248	Lake Louise
-113.26659	54.71703	2539	Athabasca
-111.15000	58.71710	3222	Fort Chipewyan
-128.11728	52.14840	1400	Bella Bella
-131.83328	53.24041	538	Sandspit
-125.24999	50.01709	33430	Campbell River
-127.49998	50.71707	2295	Port Hardy
-123.93429	49.14602	84905	Nanaimo
-122.48328	52.98368	13788	Quesnel
-122.29999	49.05038	151683	Abbotsford
-120.23327	55.76697	10802	Dawson Creek
-119.58328	49.50037	37721	Penticton
-117.28329	49.48366	11779	Nelson
-121.93327	50.68371	2893	Lillooet
-124.54998	49.88371	12779	Powell River
-118.18334	51.00046	7668	Revelstoke
-125.76660	54.21701	2635	Burns Lake
-130.03329	58.45035	303	Dease Lake
-83.17659	64.15377	834	Coral Harbour
-96.01666	64.31699	1584	Baker Lake
-126.84997	65.28373	1027	Norman Wells
-134.89498	67.49152	1069	Fort McPherson
-139.00000	61.35037	73	Burwash Landing
-61.12768	1.81623	11368	Caracaraí
-51.17999	-0.03960	83927	Porto Santana
-80.08334	43.91707	32640	Orangeville
-81.93333	45.96702	1595	Little Current
-83.40001	47.83371	2663	Chapleau
-84.78334	48.00041	2174	Wawa
-83.66658	49.70049	5043	Hearst
-86.36665	48.75039	4627	Marathon
-91.91665	50.26296	4570	Sioux Lookout
-93.83330	51.03369	1765	Red Lake
-94.06659	52.61703	3743	Deer Lake
-91.79999	51.71704	277	Cat Lake
-74.73333	45.01706	48821	Cornwall
-76.48330	44.23372	114195	Kingston
-79.70000	44.38376	182041	Barrie
-80.03301	45.33370	7105	Parry Sound
-81.13330	44.73369	2182	Wiarton
-79.68331	47.38371	1372	Cobalt
-81.01656	49.06702	4441	Cochrane
-88.24997	49.01705	1204	Nipigon
-91.61659	48.75039	3625	Atikokan
-68.51668	48.43375	35584	Rimouski
-70.66665	46.11715	26149	Saint-Georges
-71.96668	46.05040	41500	Victoriaville
-59.60978	50.48132	284	Chevery
-73.86659	50.41706	2645	Mistassini
-69.99910	60.02482	549	Kangirsuk
-72.73332	46.55037	49161	Shawinigan
-77.63328	49.75039	1966	Matagami
-75.50003	46.55037	11642	Mont-Laurier
-77.11665	45.85026	15551	Pembroke
-77.61656	53.78363	270	Radisson
-66.07667	45.26704	87857	Saint John
-68.33328	47.37942	17894	Edmundston
-65.31936	43.76561	3167	Shelburne
-61.99819	45.62692	6739	Antigonish
-64.12912	44.98060	3864	Windsor
-65.76049	44.62259	3949	Digby
-58.56656	48.55041	7054	Stephenville
-53.99000	47.30043	1063	Argentia
-55.59995	51.38375	224	St. Anthony
-59.15004	47.56701	4220	Channel-Port aux Basques
-56.86659	48.81703	685	Buchans
-58.11664	49.48366	452	Trout River
-63.98068	53.52641	100	Churchill Falls
-56.95000	51.45038	448	Forteau
10.17999	5.17039	93145	Bafang
10.90000	5.73039	92673	Foumban
10.40995	5.49043	290768	Bafoussam
9.43998	4.64037	144413	Kumba
8.98332	5.75036	5798	Eyumojok
9.19002	4.03039	212474	Limbe
16.06661	3.53370	26809	Nola
9.91003	2.94043	55224	Kribi
19.08332	5.73377	34267	Sibut
17.44998	6.48372	63064	Bossangoa
22.78330	10.28370	10178	Birao
20.33012	43.88974	170000	Čačak
21.90000	43.33042	250000	Niš
22.40002	8.06709	5434	Ouadda
22.81663	4.73375	32841	Bangassou
19.84994	45.25038	225457	Novi Sad
21.63996	-21.69962	6306	Ghanzi
-72.59296	-48.46688	250	Villa O'Higgins
-69.13995	-30.21559	701	Rodeo
-67.28318	-43.72388	605	Las Plumas
-69.23330	-42.28296	557	Gastre
-66.95001	-42.39960	500	Telsen
-69.58331	-35.46612	11847	Malargüe
-69.01668	-33.56618	22834	Tunuyán
-67.55000	-33.46614	4400	La Paz
-70.26657	-37.38295	8556	Chos Malal
-70.36659	-38.51627	1218	Las Lajas
-65.18001	-18.18955	8224	Aiquile
-64.30996	-19.29961	2920	Padilla
-65.20998	-20.63958	4715	Camargo
-67.37001	-14.30958	7376	Reyes
-66.84996	-14.81963	19640	San Borja
-64.05277	-13.26008	3445	Magdalena
-64.70999	-13.28959	6490	San Ramón
-50.92998	-17.81960	48318	Rio Verde
-48.27998	-17.29953	24822	Pires do Rio
-48.95997	-16.31959	319587	Anápolis
-49.13001	-15.30962	47883	Goianésia
-48.47002	-14.46962	27541	Niquelândia
-49.21000	-18.39962	79582	Itumbiara
-51.75000	-17.87959	76547	Jataí
-52.55998	-17.56954	38951	Mineiros
-47.33999	-15.53948	81232	Formosa
-59.04002	-34.08956	88781	Zárate
-62.73331	-37.18286	7190	Carhué
-63.16659	-37.69957	3412	Darregueira
-59.80003	-37.66552	10609	Benito Juárez
-56.67660	-36.71622	13610	Mar de Ajó
-59.09467	-35.18489	18278	Lobos
-58.01662	-35.56621	21054	Chascomús
-60.95887	-34.58457	85007	Junín
-57.95444	-34.92332	694253	La Plata
-60.56998	-33.89960	87652	Pergamino
-59.11045	-34.56991	81749	Luján
-59.87000	-36.77963	53941	Azul
-62.62431	-39.92110	2838	Villalonga
-65.45002	-36.21625	4458	Victorica
-63.77002	-35.65960	57029	General Pico
-64.93328	-40.73288	8492	San Antonio Oeste
-67.79998	-40.58286	1522	Sierra Colorado
-65.46997	-33.68959	49345	Mercedes
-64.12002	-32.17960	53389	Río Tercero
-67.03328	-27.64959	11359	Belen
-66.16659	-22.43291	6692	Rinconada
-64.87000	-24.21962	58430	San Pedro
-64.78998	-23.81954	49267	Libertador General San Martín
-67.50000	-29.16552	20343	Chilecito
-66.31666	-30.34958	8989	Chamical
-62.60004	-23.59961	1145	Los Blancos
-65.96660	-26.08292	11785	Cafayate
-65.48330	-24.89963	11498	Cerrillos
-66.35002	-24.18293	4000	San Antonio de los Cobres
-62.83331	-28.46613	14133	Añatuya
-65.14999	-28.64958	13594	Frias
-62.86659	-25.79963	11387	Monte Quemado
-60.61665	-25.94954	9421	Juan José Castelli
-61.20000	-27.21629	18297	Charata
-60.60001	-24.69959	7683	Las Lomitas
-58.07998	-29.17958	30649	Mercedes
-58.02998	-31.38957	145210	Concordia
-61.56661	-30.93291	12655	Sunchales
-60.58329	-30.78289	9607	San Justo
-60.21659	-29.46617	9979	Vera
-59.65001	-29.13953	90184	Reconquista
-61.97000	-33.74958	72340	Venado Tuerto
-49.38997	-20.79962	374699	São José do Rio Preto
-47.40165	-22.56538	289665	Limeira
-45.56000	-23.01954	403560	Taubaté
-48.57002	-22.28961	119206	Jaú
-50.41998	-22.65961	87471	Assis
-48.88002	-23.97958	62957	Itapeva
-48.45000	-22.87960	113862	Botucatu
-49.22000	-21.45958	30158	Novo Horizonte
-51.37995	-20.90959	52406	Andradina
-50.26004	-20.26963	61931	Fernandópolis
-35.20001	-8.82961	35565	Barreiros
-39.13003	-8.05963	42152	Salgueiro
-34.99999	-7.55960	71549	Goiana
-35.32003	-7.49961	57534	Timbaúba
-88.18837	17.49871	63028	Belize City
-88.55998	18.09043	20835	Orange Walk
-88.81002	16.10035	7748	Punta Gorda
17.65002	5.26700	7287	Bossembélé
9.94000	4.96041	117063	Nkongsamba
10.11999	3.80048	203149	Edéa
10.07002	6.40042	68836	Wum
10.68001	6.22038	125486	Kumbo
11.23000	4.75039	69270	Bafia
11.50001	3.52039	80206	Mbalmayo
10.76662	3.65041	22221	Eséka
13.67998	4.58043	218111	Bertoua
13.18332	3.98370	14661	Abong Mbang
14.36661	4.43369	43821	Batouri
13.30000	4.93369	22553	Bélabo
14.28997	6.52049	80100	Meiganga
13.57999	7.32037	231357	Ngaoundéré
12.63333	6.46698	35589	Tibati
12.23330	7.96702	8018	Kontcha
13.94002	9.93039	84647	Guider
13.60004	7.85044	3950	Mbe
19.44821	41.31780	142432	Durrës
19.51885	42.06845	155767	Shkodër
3.23002	51.22037	146469	Brugge
4.87003	50.47039	106284	Namur
4.45000	50.42040	345367	Charleroi
48.92026	39.93230	70684	Şirvan
47.74059	40.65342	35348	Goycay
48.85106	38.75400	60180	Lankaran
47.17055	41.19233	64968	Saki
46.75197	39.81564	57473	Stepanakert
46.41499	39.20152	42288	Kapan
66.89973	36.75012	179969	Balkh
64.77009	35.93022	199795	Meymaneh
65.10149	36.93166	71730	Andkhvoy
66.88676	32.11226	12191	Qalat
68.41783	33.56331	141000	Ghazni
70.57925	37.12976	64704	Feyzabad
68.87253	36.72795	259809	Kondoz
70.43610	34.44153	597971	Jalalabad
69.16791	35.01826	53676	Charikar
102.98332	13.58376	50302	Sisophon
102.98493	11.61754	33134	Krong Koh Kong
103.91670	12.53369	52476	Pursat
105.45004	12.00044	83233	Kampong Cham
104.66662	12.25048	75244	Kompong Chhnang
104.18335	10.61709	50105	Kampot
104.78331	10.98376	15264	Takéo
90.38000	24.75041	330126	Mymensingh
89.95000	24.90043	167900	Jamalpur
90.49999	23.62040	223622	Narayanganj
20.74001	-8.41960	31041	Lucapa
18.43003	-9.41959	80000	Capenda-Camulemba
20.39001	-9.65958	41316	Saurimo
21.31998	-10.59963	2324	Muconda
19.26000	-10.14963	984	Cacolo
13.65998	-8.57954	28224	Caxito
15.37001	-8.18959	12837	Camabatela
14.90998	-9.29955	8144	Ndalatando
14.97995	-10.72959	8915	Quibala
14.90001	-9.99961	795	Calulo
15.12000	-11.35953	12069	Waku Kungo
14.84999	-7.34959	10579	Songo
14.24000	-6.26961	60182	Mbanza-Congo
12.86003	-7.22960	21059	Nzeto
12.36998	-6.12961	67491	Soyo
12.18999	-5.55962	91791	Cabinda
16.19998	-11.31958	531	Calucinga
17.46998	-12.01959	19828	Camacupa
14.24000	-13.03958	4837	Cubal
20.36004	-15.78954	30000	Mavinga
19.16998	-15.15961	149	Cuito Caunavale
22.99998	-17.36955	150	Luiana
15.73004	-17.06962	10169	Ondjiva
13.92002	-17.31963	500	Chitado
14.08001	-15.74959	1502	Chibemba
13.69001	-15.18963	1411	Chibia
14.55001	-14.82955	186	Quipungo
22.23000	-10.70954	18465	Luau
19.86002	-13.69959	1307	Cangamba
21.44002	-14.09962	25	Lumbala Nguimbo
22.90004	-11.88957	298	Cazombo
-68.66657	-12.49961	10	Puerto Heath
-69.46660	-17.59961	197	Charaña
-69.16667	-15.49958	1123	Puerto Acosta
-68.42000	-14.71958	4189	Apolo
-67.72001	-16.18962	2361	Coroico
-68.44997	-17.16961	1884	Coro Coro
-68.38328	-19.01627	573	Sabaya
-66.77999	-18.89958	9114	Challapata
-68.25003	-19.84960	553	Llica
-65.75003	-19.56957	179901	Potosí
-65.59999	-22.07960	37215	Villazón
-65.72000	-21.43958	28766	Tupiza
-63.26002	-17.34960	88616	Montero
-61.86662	-13.68295	72	Piso Firme
-59.75998	-18.32954	10036	Roboré
-57.77002	-17.77960	10392	Puerto Quijarro
-60.96001	-16.36961	25391	San Ignacio
-63.07999	-15.69957	14429	Ascension
-62.50002	-16.28961	4210	San Javier
-60.67995	-16.77951	1201	San Rafael
-64.11000	-18.48958	8422	Vallegrande
-57.84997	-18.94956	22000	Puerto Suárez
-63.21995	-19.79958	3025	Charagua
-63.50001	-21.24957	18761	Villamontes
-64.34999	-22.72958	36544	Bermejo
0.27000	29.23652	49237	Timimoun
-0.63997	35.19034	208604	Sidi bel Abbes
-1.32001	34.89041	229777	Tlimcen
-1.25138	32.04927	5628	Béni Ounif
-2.73331	31.01709	14364	Abadla
-0.57995	32.76042	63420	Sefra
6.89998	36.88042	225181	Skikda
2.94002	11.13037	109701	Kandi
2.08999	6.36037	83503	Ouidah
1.99000	7.19040	82154	Abomey
1.38998	10.32042	80892	Natitingou
1.68004	9.70043	202810	Djougou
9.48225	24.55291	666	Djanet
9.55000	28.05034	216	I-n-Amenas
5.16474	23.69394	3030	In Amguel
1.00995	33.69036	67413	El Bayadh
6.85998	33.37040	177497	El Oued
6.05445	31.70234	18124	Hassi Messaoud
1.31996	36.17041	449167	Chlef
0.14003	35.40041	108230	Mascara
0.08998	35.94038	188354	Mostaganem
0.14003	34.84039	142213	Saïda
1.31996	35.38044	184195	Tiarat
5.07002	36.76038	384937	Béjaïa
2.83000	36.42035	511348	Blida
3.90001	36.38048	110144	Bouïra
2.77000	36.27041	147707	Médéa
7.95000	36.29038	134947	Souk Ahras
8.12001	35.41043	171742	Tébessa
17.82004	43.35049	163067	Mostar
25.56329	41.94378	79699	Khaskovo
25.62271	42.42313	143431	Stara Zagora
24.61337	43.42377	118675	Pleven
25.65553	43.08624	53115	Turnovo
22.69111	42.28428	51067	Kyustendil
27.84000	43.58505	94831	Dobrich
27.89529	43.21564	312770	Varna
25.97334	43.85369	184270	Ruse
15.41000	47.07776	263234	Graz
14.31002	46.62034	90610	Klagenfurt
14.28878	48.31923	349161	Linz
13.44118	48.57546	50560	Passau
13.04002	47.81048	206279	Salzburg
11.40999	47.28041	155214	Innsbruck
26.09406	52.12786	130777	Pinsk
29.27216	52.04596	112137	Mazyr
30.32465	53.89851	369200	Mahilyow
29.19278	53.12656	220517	Babruysk
30.42154	54.51532	135206	Orsha
25.28465	53.88848	100216	Lida
23.83409	53.67787	317365	Hrodna
28.49215	54.22600	155389	Barysaw
45.41221	39.20922	94788	Naxcivan
89.19997	23.17043	243987	Jashore
90.37499	22.70041	202242	Barishal
91.16998	23.47041	389411	Comilla
21.83003	-24.16960	1473	Lokhwabe
21.87002	-23.96961	1942	Lehututu
22.40002	-26.00949	9679	Tshabong
22.45996	-20.15961	1409	Tsau
22.27000	-19.66962	1763	Nokaneng
21.80000	-18.29957	757	Mohembo
23.42001	-19.98960	49945	Maun
25.15003	-17.80957	9250	Kasane
26.19002	-20.20948	4794	Nata
24.88002	-21.17955	3301	Mopipi
27.13001	-22.55962	30650	Palapye
29.61658	-3.95073	20393	Bururi
30.31726	-2.85235	71076	Muyinga
25.68002	-25.21961	69804	Lobatse
25.33999	-24.96960	46831	Kanye
131.81670	-13.81617	665	Pine Creek
131.10000	-13.24954	237	Adelaide River
131.05003	-12.53289	5025	McMinns Lagoon
133.46724	-17.55279	10	Newcastle Waters
120.03333	-33.58287	1101	Ravensthorpe
117.34998	-33.29958	1598	Wagin
117.13330	-20.78293	19260	Roebourne
116.32503	-21.63658	686	Pannawonica
117.79306	-22.69346	2723	Tom Price
114.16666	-27.66618	1537	Kalbarri
117.81667	-28.06621	424	Mount Magnet
116.00004	-29.21627	259	Morawa
114.91664	-29.28283	1213	Port Denison
118.26667	-31.48285	2668	Merredin
117.66661	-34.63278	1781	Mount Barker
117.55008	-33.69956	3934	Katanning
117.16664	-32.93289	4238	Narrogin
115.90005	-31.34957	1446	Gingin
115.65024	-33.34428	26998	Bunbury
115.77024	-32.23939	20086	Kwinana
119.31669	-31.21615	187	Southern Cross
128.99733	-25.78841	355	Kaltukatjara
149.21135	-35.35460	32602	Queanbeyan
153.54664	-28.18258	33065	Tweed Heads
144.30002	-32.89961	265	Ivanhoe
143.38333	-31.56620	442	Wilcannia
149.90004	-36.89962	6367	Merimbula
144.75002	-36.12959	19457	Echuca
144.95001	-35.52958	8024	Deniliquin
150.60005	-34.88285	94781	Nowra
150.47003	-35.34954	9250	Ulladulla
150.20731	-35.68962	10557	Batemans Bay
149.12004	-36.23956	6520	Cooma
148.22004	-35.30959	6526	Tumut
146.39731	-34.54493	7299	Leeton
148.29001	-34.30960	7501	Young
148.68001	-33.82963	6795	Cowra
148.02000	-33.38960	4838	Forbes
149.71018	-34.74957	20940	Goulburn
150.84003	-34.70958	10379	Kiama
150.32001	-33.70695	22076	Katoomba
150.73999	-33.59951	13880	Richmond
150.15279	-33.49611	11128	Lithgow
148.17002	-33.12957	11137	Parkes
149.57003	-33.41963	6111	Bathurst
151.55503	-32.72096	18625	Maitland
151.16001	-32.56950	13813	Singleton
149.58011	-32.58960	5391	Mudgee
150.89000	-32.26957	11630	Muswellbrook
152.46185	-31.89760	44182	Taree
152.82203	-31.08737	11840	Kempsey
150.26229	-30.98701	7148	Gunnedah
153.11230	-30.30705	62978	Coffs Harbour
149.78744	-30.33191	7082	Narrabri
151.11257	-29.76678	8561	Inverell
153.35331	-29.42299	1806	Yamba
153.56798	-28.86135	14242	Ballina
147.33999	-35.12216	55381	Wagga Wagga
150.85011	-32.07961	4624	Scone
153.61289	-28.65651	6764	Byron Bay
140.60004	-34.28294	4716	Berri
138.83332	-32.96617	1689	Peterborough
137.63329	-33.93288	2779	Wallaroo
138.60001	-33.83288	3061	Clare
139.33335	-35.69954	1501	Meningie
139.85006	-36.83281	206	Kingston South East
140.76664	-36.31620	2583	Bordertown
140.81667	-37.38295	1514	Penola
135.30000	-30.89957	50	Kingoonya
136.43337	-33.14962	636	Kimba
134.21493	-32.81187	1060	Streaky Bay
136.91664	-33.68287	537	Cowell
136.08331	-34.38293	1791	Tumby Bay
137.16557	-30.43097	528	Andamooka
136.80001	-31.14959	450	Woomera
137.99002	-33.19106	12506	Port Pirie
138.72635	-34.60736	16362	Gawler
139.26002	-35.12960	18194	Murray Bridge
138.61732	-35.55960	7760	Victor Harbor
142.02341	-37.73120	8869	Hamilton
142.31668	-35.06619	1400	Ouyen
143.58001	-38.33953	9089	Colac
142.76001	-37.05961	6991	Stawell
142.19002	-36.70961	12830	Horsham
142.90997	-37.27955	6110	Ararat
143.72998	-37.04959	7046	Maryborough
147.61000	-37.82959	11005	Bairnsdale
147.06000	-38.10957	22486	Sale
146.53001	-38.19960	18226	Traralgon
145.59002	-38.60949	5985	Wonthaggi
145.28337	-38.09960	460491	Cranbourne
143.84005	-37.55958	85109	Ballarat
144.57003	-37.68955	32368	Melton
145.12731	-37.03424	3693	Seymour
145.39137	-36.37459	33550	Shepparton
145.65001	-35.91963	4659	Cobram
143.54001	-35.33961	9276	Swan Hill
144.71002	-37.56961	29925	Sunbury
148.58348	-20.41624	3976	Proserpine
150.08334	-24.94950	246	Theodore
151.13335	-25.36622	459	Eidsvold
145.28337	-23.56617	1068	Barcaldine
143.03327	-22.39963	1157	Winton
144.25005	-23.44959	2894	Longreach
152.94998	-27.08296	31513	Caboolture
152.02032	-28.22925	12347	Warwick
151.84059	-26.53896	8573	Kingaroy
151.26574	-27.19386	9847	Dalby
153.15090	-27.07872	13649	Bongaree
152.67093	-26.18860	11649	Gympie
146.16662	-18.64957	6127	Ingham
139.36662	-25.89962	283	Birdsville
139.46662	-24.34959	142	Bedourie
139.90003	-22.89960	600	Boulia
143.13332	-20.71627	296	Richmond
139.56661	-17.71609	200	Burketown
152.84094	-25.28870	25114	Hervey Bay
150.49607	-24.39356	6309	Biloela
150.75673	-23.13292	10769	Yeppoon
148.16733	-23.51222	9398	Emerald
148.03803	-22.00156	10000	Moranbah
146.25871	-20.08091	9573	Charters Towers
147.39947	-19.57024	9078	Ayr
145.46935	-17.27028	6959	Atherton
145.45872	-16.48459	3000	Port Douglas
145.11666	-40.83292	4202	Smithton
147.51667	-41.14949	2468	Scottsdale
148.28861	-41.87839	177	Bicheno
147.36660	-42.29960	1157	Oatlands
145.55002	-42.08292	2352	Queenstown
147.30841	-42.99114	14371	Kingston
-2.36999	12.25048	87347	Koudougou
-2.41999	13.57042	79504	Ouahigouya
-1.09005	13.09037	40017	Kaya
-0.36970	11.78040	38108	Tenkodogo
-4.76000	10.63045	60288	Banfora
18.68004	44.55047	144334	Tuzla
16.70000	44.98039	104858	Prijedor
17.17997	44.78041	221738	Banja Luka
89.24999	24.00038	137888	Pabna
88.35000	24.58040	142361	Nawabganj
88.99998	25.80043	232209	Saidpur
95.39143	21.46183	163812	Myingyan
95.74148	17.78190	176571	Letpadan
96.41793	18.94829	106945	Taungoo
96.51932	16.75470	52496	Thongwa
97.72147	16.26184	152300	Mudon
97.86787	15.25327	50798	Ye
97.67005	16.50043	438861	Mawlamyine
93.54940	19.42901	4261	Kyaukphyu
95.18286	16.61329	48405	Wakema
94.70144	16.16189	1667	Labutta
95.68288	16.29325	65601	Phyarpon
95.64289	17.04329	36172	Yandoon
95.46786	17.64826	180728	Hinthada
94.74997	16.77041	237089	Pathein
95.22792	19.37831	57897	Allanmyo
94.88097	20.46145	110553	Yaynangyoung
94.82304	20.90848	90870	Chauk
95.08664	21.33204	126938	Pakokku
97.39999	23.08375	48591	Namtu
98.19498	14.09796	146212	Dawei
95.69286	22.57827	88914	Shwebo
29.84359	-3.42601	23167	Gitega
69.21463	33.60005	103601	Gardiz
33.03332	34.67541	154000	Lemosos
84.00558	28.20420	200000	Pokhara
126.78111	37.50084	866000	Bucheon
127.13583	37.44056	942000	Songnam
126.83530	37.65468	903000	Goyang
145.75058	15.21125	2500	Capitol Hill
-64.74999	17.75037	32543	Christiansted
-66.61664	18.00039	160334	Ponce
-67.13971	18.20151	291339	Mayagüez
-36.50799	-54.28058	99	Grytviken
-60.08696	-51.95059	120	Fox Bay
-81.37157	19.29475	4268	George Town
-71.13598	21.46643	5801	Grand Turk
-4.48027	54.14912	35854	Douglas
-173.98329	-18.64957	7391	Neiafu
-13.53783	28.96905	52944	Arrecife
43.18004	9.94041	67664	Boorama
45.54000	9.52039	106593	Burco
47.09753	10.98009	30000	Maydh
12.44177	43.93610	29579	San Marino
134.46950	7.34523	11200	Koror
-68.87236	12.11229	146813	Willemstad
-70.02553	12.52150	68775	Oranjestad
57.51663	-20.31619	299975	Curepipe
9.51667	47.13372	36281	Vaduz
35.25443	32.22148	215981	Nablus
45.27500	-12.78709	32057	Dzaoudzi
-68.96660	18.41700	208437	La Romana
-25.00001	16.88376	70611	Mindelo
-53.36329	46.73698	398	Trepassey
-59.68332	-62.49951	41	Capitan Arturo Prat Station
-56.65002	-64.23289	150	Marambio Base
164.21903	-74.61919	80	Zucchelli Station
-68.12354	-67.56478	130	Rothera Station
-64.04688	-64.76241	46	Palmer Station
-58.90765	-62.18274	150	Base Presidente Montalva
-58.65048	-62.22414	60	Carlini Base
-58.77160	-62.22485	90	King Sejong Station
-58.96670	-62.21632	40	Great Wall Station
-58.95267	-62.19496	20	Escudero Base
-57.99999	-61.99959	6	Elephant Island
166.74910	-77.84694	85	Scott Base
166.86942	-77.73228	1000	McMurdo Station
76.33930	-69.43406	60	Zhongshan Station
106.80003	-78.46628	25	Vostok Station
-90.58420	-68.79516	1	Peter I Island
93.00629	-66.57553	169	Mirny Station
62.87500	-67.61452	60	Mawson Station
78.14074	-68.77767	70	Davis Station
124.16704	-74.66631	30	Concordia Research Station
110.53621	-66.28609	200	Casey Station
176.99445	-90.00000	200	Amundsen–Scott South Pole Station
-13.41671	-73.04961	10	Wasa Station
2.53332	-72.01629	44	Troll Station
-11.21669	-74.58290	10	Svea Station
-11.85021	-71.30124	70	Novolazarevskaya Station
-7.83844	-70.89040	40	Neumayer Station III
11.73046	-70.78218	65	Maitri Station
-26.47416	-76.09226	70	Halley Station
-34.61668	-77.86632	100	Belgrano II Base
-40.50153	-81.17909	40	Sobral Base
-13.41671	-75.04959	18	Aboa Station
-67.10000	-68.11632	20	San Martín Base
-57.88959	-63.32842	44	Gen. O'Higgins Base
-57.02590	-63.37533	250	Esperanza Base
-44.73330	-60.73290	45	Orcadas Station
-45.60070	-60.63131	8	Signy Research Station
-57.22499	74.57806	450	Kullorsuaq
-56.05981	73.36900	250	Tasiusaq
-155.98771	19.63814	9870	Kailua-Kona
139.96368	-66.77505	120	Dumont d'Urville Station
39.74608	-69.03039	60	Showa Station
120.51341	24.07340	750000	Changhua
120.43507	23.47545	500000	Chiayi
120.97674	24.81679	750000	Hsinchu
120.82000	24.57000	150000	Miaoli
120.48168	22.68170	503530	Pingtung
175.02904	-41.13548	39200	Upper Hutt
175.64565	-40.94392	20200	Masterton
175.27725	-40.61236	19550	Levin
174.55428	-36.85245	208100	Waitakere
174.77584	-36.79127	205605	North Shore
176.98276	-37.95739	18700	Whakatane
171.74864	-43.89827	17700	Ashburton
172.65104	-43.38131	10200	Kaiapoi
174.07481	-39.05564	52500	New Plymouth
171.60279	-41.76384	3900	Westport
171.00995	-42.70724	3078	Hokitika
170.99479	-45.10920	13000	Oamaru
-56.70999	-34.34996	36529	San José de Mayo
-54.33302	-34.48297	26874	Rocha
-112.53384	46.00390	34190	Butte
-97.03249	47.92528	58566	Grand Forks
-112.44472	42.87135	63998	Pocatello
-122.44682	47.24057	719868	Tacoma
-114.62361	32.68528	92489	Yuma
-112.44777	34.59002	55038	Prescott
-118.20034	33.77702	2036134	Long Beach
-108.55000	39.09385	104214	Grand Junction
-114.88768	39.24702	4216	Ely
-119.76640	39.16385	57341	Carson City
-104.22830	32.42057	25302	Carlsbad
-105.95972	32.89948	36058	Alamogordo
-122.87442	42.32663	108525	Medford
-121.78054	42.22501	42978	Klamath Falls
-113.58334	37.10415	98638	St. George
-111.63777	40.24890	356712	Provo
-105.59057	41.31137	26934	Laramie
-92.33109	34.73608	270893	Little Rock
-97.32766	37.67634	401843	Wichita
-92.17333	38.57662	55139	Jefferson City
-103.23056	44.08055	73632	Rapid City
-92.01995	30.19998	158214	Lafayette
-94.79748	29.30114	68612	Galveston
-95.35688	28.95948	74892	Freeport
-97.00334	28.80500	64209	Victoria
-102.36723	31.84556	106054	Odessa
-98.49307	33.91363	101212	Wichita Falls
-97.14638	31.54917	167347	Waco
-101.87997	33.58000	213300	Lubbock
-67.46995	7.89999	122701	San Fernando de Apure
-69.30191	10.05194	1116000	Barquisimeto
-72.68191	41.77197	913000	Hartford
-71.41693	41.82305	1277000	Providence
-86.82500	33.53001	1128047	Birmingham
-88.04999	30.68003	253466	Mobile
-87.21694	30.42113	234384	Pensacola
-82.67938	27.77054	800313	St. Petersburg
-88.88531	30.39580	50644	Biloxi
-89.63713	39.78825	134715	Springfield
-84.87336	38.20081	36688	Frankfort
-79.80002	36.07001	388887	Greensboro
-84.20193	39.75232	773000	Dayton
-75.98027	36.85516	1491000	Virginia Beach
-89.40112	43.07302	327447	Madison
-88.00001	44.52998	198611	Green Bay
-74.74335	40.21696	366513	Trenton
-63.17003	9.74996	410972	Maturín
-64.18002	10.44999	317603	Cumaná
-84.54674	42.73353	279952	Lansing
-6.28614	36.52483	283157	Cádiz
-3.58501	37.16498	388290	Granada‎
-5.34601	36.12834	187083	Gibraltar
-171.73108	63.77971	681	Gambell
-149.11269	61.59971	13111	Palmer
-149.46998	60.12616	2900	Seward
14.16502	57.77134	89780	Jönköping
18.71668	63.31801	27749	Örnsköldsvik
35.17486	47.85924	788000	Zaporizhzhya
59.02140	43.76832	13000	Muynoq
67.27294	37.23293	177687	Termiz
71.78000	40.38997	750000	Fargona
71.66998	41.00002	750000	Namangan
71.54756	37.48752	30000	Khorugh
69.61993	40.28998	437684	Khujand
102.83004	16.42004	251056	Khon Kaen
105.83002	21.59996	500000	Thái Nguyên
105.79999	19.82002	197551	Thanh Hóa
106.20002	20.42003	243186	Nam Định
105.68000	18.69998	593645	Vinh
106.60005	17.48334	189265	Đồng Hới
31.20000	-26.46667	9782	Lobamba
-86.79699	15.76311	145926	La Ceiba
-88.02999	15.50002	680091	San Pedro Sula
-58.26997	5.99001	44690	Linden
-15.21386	64.27232	1695	Höfn
-1.12997	37.97999	406807	Murcia
-5.30700	35.88898	78674	Ceuta
-8.41999	43.32998	370610	La Coruña
-7.87000	42.32996	118107	Ourense
-72.21252	19.75922	281487	Cap-Haïtien
-3.21909	55.94833	504966	Edinburgh
-1.61163	54.98974	882000	Newcastle
-2.96193	53.40507	811000	Liverpool
-3.16760	51.48262	861400	Cardiff
30.41503	40.79998	260109	Adapazarı
39.71999	40.97999	764714	Trabzon
80.24000	6.03001	99478	Galle
127.00895	37.25973	1078000	Suwon
-3.08336	58.43329	7147	Wick
-1.55135	53.79002	1529000	Leeds
38.79499	37.16999	449549	Şanlıurfa
30.08138	0.17108	67269	Kasese
-1.64999	42.82001	274545	Pamplona
14.56670	68.23329	4197	Svolvær
14.16667	66.31661	20409	Mo i Rana
17.28999	68.38315	20000	Narvik
14.42929	67.27644	34073	Bodø
-79.83658	-6.76291	596792	Chiclayo
-70.13997	-15.50000	245675	Juliaca
-76.26998	-10.69001	137232	Cerro de Pasco
-76.47997	-6.50995	936	Tarapoto
-74.21995	-13.17502	166314	Ayacucho
-77.13497	-12.07003	876877	Callao
-57.43441	-23.40639	59118	Concepción
-56.43331	-25.75002	41157	Villarrica
-83.38337	14.03334	43001	Bilwi
-86.87944	12.43556	164441	León
-8.90001	38.52996	117974	Setúbal
-8.62195	41.15195	1337000	Porto
41.07888	19.12636	157	Al Qunfudhah
15.62090	78.22097	1232	Longyearbyen
4.47803	51.92191	1005000	Rotterdam
6.13000	49.61166	107260	Luxembourg
5.27750	59.41192	40321	Haugesund
5.68000	58.97000	173132	Stavanger
9.60002	59.19999	73330	Skien
11.50001	64.48331	9035	Namsos
21.01002	56.50997	85132	Liepaga
23.24167	69.96664	12077	Alta
29.76575	70.09660	5139	Vadsø
49.58559	25.34875	637389	Hofuf
66.44632	30.92505	88568	Chaman
63.07180	25.99178	147791	Turbat
73.10805	31.41193	2617000	Faisalabad
73.06750	33.59100	1858000	Rawalpindi
71.67499	29.38997	552607	Bahawalpur
69.01180	25.53179	356435	Mirpur Khas
68.84855	27.71357	417767	Sukkur
78.38182	42.49204	70171	Karakol
72.34999	34.75003	1860310	Saidu
103.72809	1.48197	875000	Johor Bahru
101.44706	3.04328	956000	Kelang
28.32799	-26.14764	2986000	Benoni
27.95804	-26.64766	1074000	Vereeniging
-79.87498	9.36502	204000	Colón
-79.56665	8.94998	62882	Balboa
82.90705	58.31102	27876	Kolpashevo
160.50001	65.24998	1050	Omolon
170.31331	69.70082	4837	Pevek
34.34554	66.68139	6128	Umba
32.87023	66.69028	20	Kovda
31.33001	58.49998	218717	Velikiy Novgorod
30.52004	56.31996	103149	Velikiye Luki
34.76583	64.52522	12165	Belomorsk
34.56837	64.95359	13829	Kem
54.42080	70.73145	10	Krasino
56.44970	73.26999	10	Matočkin Šar
39.83001	64.57002	194292	Severodvinsk
36.19003	51.73998	409431	Kursk
37.62994	54.19996	489486	Tula
41.43002	52.73002	301482	Tambov
55.96004	53.62999	267231	Sterlitamak
65.34499	55.45996	343129	Kurgan
49.01660	67.68975	10	Indiga
44.13337	67.86664	300	Shoyna
72.92830	67.69833	1790	Novy Port
66.60998	66.53502	38025	Salekhard
78.46610	70.88142	10	Gyda
78.69999	67.46667	5981	Tazovsky
76.63325	66.08332	94212	Novy Urengoy
72.51479	65.52981	46339	Nadym
75.61651	63.16654	110572	Noyabrsk
50.81999	61.66000	230910	Syktyvkar
53.68999	63.55998	102187	Ukhta
60.58497	59.61498	98438	Serov
47.25003	56.12997	446781	Cheboksary
58.62732	51.21001	246836	Orsk
47.80002	52.02999	199572	Balakovo
64.41942	63.19331	9545	Igrim
65.38142	62.14653	52137	Nyagan
69.00151	61.00153	67800	Khanty Mansiysk
76.58002	60.93497	244937	Nizhenvartovsk
71.33331	63.66672	10	Numto
74.37824	56.89824	26986	Tara
68.26481	58.19979	113800	Tobolsk
81.21002	51.52002	161065	Rubtsovsk
85.95769	51.96134	59868	Gorno Altaysk
86.70999	53.89998	275615	Prokopyevsk
54.08521	17.02546	203877	Salalah
47.49998	42.98002	554981	Makhachkala
56.73442	24.36197	151349	Suhar
58.18254	23.68025	237816	Seeb
129.37152	36.02086	435266	Pohang
129.31501	35.54868	1061000	Ulsan
128.60503	35.86874	2460000	Daegu
123.75001	13.16998	320081	Legazpi
121.72688	17.61310	115105	Tuguegarao
120.38690	17.57473	48545	Vigan
100.25005	64.28330	5444	Tura
91.23333	64.48331	229731	Noginsk
107.77940	60.38080	745	Yerema
97.98770	55.92771	52184	Tayshet
103.64498	52.76498	85900	Usolye Sibirskoye
103.69883	51.65384	18809	Slyudyanka
103.07385	53.15881	57395	Cheremkhovo
102.03309	53.93305	60239	Zima
100.56538	54.56534	51330	Tulun
99.02769	54.89767	43326	Nizhneudinsk
105.75999	56.76497	25388	Ust-Kut
114.19324	57.85075	15933	Bodaybo
89.25774	61.86804	10	Komsa
95.71001	56.19002	101502	Kansk
90.49999	56.26999	117634	Achinsk
92.15654	58.45151	19920	Yeniseysk
92.48328	58.24325	65945	Lesosibirsk
87.95498	65.83816	4774	Turukhansk
83.56419	71.69832	100	Vorontsovo
104.80000	72.76660	10	Starorybnoye
86.98243	75.09499	10	Mikhaylova
86.22501	69.41820	23619	Dudinka
90.23329	51.03330	3732	Teeli
111.73389	56.13498	4184	Novyy Uoyin
113.60003	54.43330	4676	Bagdarin
109.31296	55.63401	25800	Severobaykalsk
106.45266	50.35267	18431	Kyakhta
128.13119	51.40618	63620	Svobodnyy
127.26659	53.75001	26999	Zeya
125.80001	53.44998	11739	Magdagachi
127.69747	52.00245	21466	Shimanovsk
123.91666	53.98331	10007	Skovorodino
124.70757	55.17427	37335	Tynda
115.56663	50.94998	8247	Olovyannaya
119.76658	53.73332	12647	Mogocha
118.02648	50.06649	54316	Krasnokamensk
116.51856	50.38856	30421	Borzya
110.45004	51.35000	10627	Khilok
132.88743	42.83745	159551	Nakhodka
132.01999	43.80002	157068	Ussuriysk
133.42978	45.47476	41778	Lesozavodsk
136.21664	70.73329	-99	Kazachye
133.38497	67.54470	1388	Verkhoyansk
161.33004	68.75005	3707	Chersky
153.71004	67.45000	3459	Srednekolymsk
150.89000	65.73597	3627	Zyryanka
135.18331	60.80002	1516	Eldikan
133.89998	60.10001	10	Chagda
135.60003	62.66601	6796	Khandyga
134.54330	60.45658	3062	Ust-Maya
124.71036	56.67405	66320	Neryungri
112.47142	63.01275	5137	Chernyshevsky
120.54690	64.37608	10	Terbyas
121.62476	63.75527	9948	Vilyuysk
127.47391	63.92415	4633	Sangar
123.35050	67.98860	10	Menkere
114.08331	71.91663	1920	Saskylakh
125.99328	70.21136	943	Govorovo
126.59235	73.37793	10	Sagastyr
119.77293	72.99778	10	Ust-Olenyok
117.63193	62.14441	8639	Suntar
112.45002	68.52500	10	Olenyok
112.39654	66.42317	15266	Udachny
132.95079	48.79742	76146	Birobidzhan
135.43002	57.66660	10	Khakhar
140.78333	51.46659	3615	De-Kastri
135.31451	54.71139	1305	Chumikan
137.02000	50.55499	275908	Komsomolsk na Amure
138.16733	56.45424	1286	Ayan
140.73000	53.14964	27152	Nikolayevsk na Amure
140.27489	48.96989	29740	Sovetskaya Gavan
159.23332	61.94998	2024	Evensk
150.89998	60.10001	21452	Palatka
155.80004	62.53328	4201	Omsukchan
148.16676	62.78334	7367	Susuman
143.16670	51.83328	10098	Nogliki
142.15612	50.89750	12024	Aleksandrovsk Sakhalinskiy
142.77748	46.64244	35091	Korsakov
-116.62000	31.86998	256565	Ensenada
-101.00693	25.42190	754000	Saltillo
-106.49199	31.69232	1343000	Ciudad Juárez
-105.49998	28.19997	114783	Delicias
-104.67003	24.03110	457140	Durango
-109.00000	25.78999	249047	Los Mochis
-99.12998	23.71996	274900	Ciudad Victoria
-102.29236	21.88141	869000	Aguascalientes
-104.32309	19.04959	110735	Manzanillo
-95.22999	16.33000	42776	Tehuantepec
-92.89997	17.99997	428564	Villahermosa
-99.24000	18.92111	834001	Cuernavaca
-100.38667	20.57770	961000	Querétaro
-92.26999	14.89998	221521	Tapachula
-88.30000	18.50002	154517	Chetumal
-89.66658	21.28331	47124	Progreso
104.77297	16.53758	84898	Savannakhet
110.15001	44.86660	8776	Buyant-Uhaa
125.45049	38.76887	1127000	Nampo
129.79000	41.78462	672614	Chongjin
129.20275	40.67231	187270	Kimchaek
127.54349	39.91200	773000	Hamhung
110.65003	47.31668	14723	Öndörkhaan
100.98333	46.30000	26252	Bayankhongor
96.81672	47.75002	8056	Uliastay
96.25585	46.36186	32488	Altai
100.15444	49.64528	27690	Mörön
92.06662	49.98332	35796	Ulaangom
103.53171	48.81060	17348	Bulgan
106.26601	45.74998	2984	Mandalgovi
105.97254	49.46239	74738	Darkhan
106.46662	48.86659	18830	Züünkharaa
102.76659	46.24998	28053	Arvaikheer
113.28331	46.69998	15805	Baruun-Urt
165.30003	62.54999	10	Manily
156.23872	52.66359	1534	Oktyabrsky
160.85002	56.29996	1089	Klyuchi
162.43498	56.21350	4939	Ust-Kamchatsk
-8.46511	51.89284	188907	Cork
8.57001	40.73001	120729	Sassari
7.66801	45.07233	1652000	Turin
97.00674	32.99772	23000	Jyekundo
109.41353	24.32078	1497000	Liuzhou
104.88808	25.09236	816000	Xingyi
105.92806	26.25234	849000	Anshun
106.91808	27.70197	849000	Zunyi
108.40004	30.81999	1680000	Wanzhou
116.74808	33.95231	913000	Huaibei
118.36803	31.35237	810000	Wuhu
116.47807	31.75229	1690000	Luan
117.32809	32.95194	894000	Bengbu
117.05000	30.49996	580497	Anqing
113.11358	23.01048	943000	Foshan
117.50000	0.13326	101691	Bontang
115.21998	-8.65003	732344	Denpasar
166.44429	-22.26253	93060	Nouméa
-80.45998	-1.06000	213601	Portoviejo
-75.57000	6.32999	519670	Bello
-75.89000	8.75754	275198	Montería
-73.12783	7.13204	1009000	Bucaramanga
-83.69808	22.41751	186990	Pinar del Rio
-77.91693	21.38083	347562	Camagüey
-75.20614	20.14529	272801	Guantánamo
-76.26306	20.88724	319102	Holguín
-77.91668	18.46669	126008	Montego Bay
-75.23221	4.43891	421685	Ibagué
-76.61001	2.41999	258750	Popayán
-74.20166	11.24721	431781	Santa Marta
-72.51998	7.92002	722146	Cúcuta
-73.63500	4.15332	374763	Villavicencio
-79.96665	22.40001	250512	Santa Clara
-6.82003	62.03002	14398	Tórshavn
31.19002	30.00999	2681863	Giza
9.20000	48.77998	2944700	Stuttgart
8.80002	53.08000	724909	Bremen
11.07999	49.44999	737304	Nürnberg
92.05003	31.48000	2500	Nagchu
94.36651	29.65074	100	Nyingchi
97.18094	31.14094	100000	Chamdo
86.15003	41.73000	613000	Korla
82.93637	41.72775	470600	Kuqa
82.95002	46.75003	49796	Tacheng
86.02993	44.29997	640000	Shihezi
84.85993	45.58994	261445	Karamay
80.25003	41.15001	695000	Aksu
109.50403	18.25910	362689	Sanya
110.32003	20.05000	2046189	Haikou
107.02999	33.12998	145986	Hanzhong
107.14999	34.38001	800000	Baoji
109.02997	35.07999	282258	Tongchuan
111.51806	36.08229	834000	Linfen
112.72806	37.68234	840000	Yuci
113.29805	40.08197	1873000	Datong
113.15806	30.65200	1708000	Jianmen
111.27807	30.70192	875000	Yichang
113.43810	30.37235	1556000	Xiantao
115.03002	31.18000	126366	Macheng
115.09999	30.22000	688090	Huangshi
113.14809	27.83194	1080000	Zhuzhou
111.60913	26.41792	1000000	Yongzhou
112.32809	28.60236	1352000	Yiyang
111.67810	29.03194	1469000	Changde
111.20007	26.99999	45617	Shaoyang
103.73140	29.56904	1157000	Leshan
101.73001	26.54999	461513	Panzhihua
102.71672	29.35000	1049	Fulin
105.87001	32.43000	437435	Guangyuan
105.37807	28.88193	1537000	Luzhou
104.56809	28.77193	902000	Yibin
103.71807	27.32233	809000	Zhaotang
100.26658	26.80000	18445	Lijiang
102.57001	24.38000	396325	Yuxi
100.25032	25.59373	156685	Dali
119.61808	39.93231	1003000	Qinhuangdao
116.67805	39.52231	810000	Langfang
114.85203	40.80526	1046000	Zhangjiakou
118.19243	39.62628	1879000	Tangshan
114.34807	36.08193	887000	Anyang
113.25955	35.20069	857000	Jiaozuo
114.35482	34.79381	872000	Kaifeng
115.64961	34.41294	1753000	Shangqiu
113.29805	33.73235	849000	Pingdingshan
114.06803	32.13232	1541000	Xinyang
113.90893	35.30157	903000	Xinxiang
112.44447	34.64377	1715000	Luoyang
123.17807	41.28194	794000	Liaoyang
124.39164	40.14555	870000	Dandong
122.27807	40.67229	795000	Yingkow
121.09809	41.12232	956000	Jinzhou
121.65806	42.01242	770000	Fuxin
123.74806	41.33233	1012000	Benxi
123.86805	41.86733	1470000	Fushun
116.54809	35.40236	1186000	Jining
119.15563	36.70229	1553000	Weifang
117.11813	36.20194	1629000	Taian
115.44810	35.23193	1338000	Heze
120.70843	36.96840	250000	Laiyang
114.92803	27.80197	913000	Xinyu
114.95003	25.91998	1500000	Ganzhou
115.98004	29.72998	545616	Jiujiang
119.96803	31.78193	1327000	Changzhou
119.43048	32.17573	854000	Zhenjiang
120.92459	31.98227	947000	Nantong
120.74804	30.77235	988000	Jiaxing
120.09805	30.87232	1231000	Huzhou
120.56810	30.00232	777000	Shaoxing
119.65000	29.12004	1092852	Jinhua
125.12997	42.89998	506548	Liaoyuan
129.82008	42.97000	99721	Tumen
124.33002	43.17001	555609	Siping
122.82004	45.62002	386861	Baicheng
130.56106	31.58597	555352	Kagoshima
132.76584	33.84554	533541	Matsuyama
106.81223	39.66470	218427	Wuhai
111.96546	43.66156	22287	Erenhot
113.08001	41.02999	281716	Jining
119.96662	47.18331	32023	Arxan
117.42998	49.59998	93620	Manzhouli
116.04433	43.94433	120965	Xilinhot
127.44601	50.25002	109427	Heihe
131.00906	45.76785	450617	Qitaihe
128.89803	47.70189	777000	Yichun
130.29673	47.34663	743307	Hegang
125.23002	49.17998	87236	Nenjiang
124.88002	48.49000	108253	Nehe
129.58807	44.57696	1244000	Mudangiang
136.64002	36.56000	551249	Kanazawa
140.98002	42.34996	155676	Muroran
142.37998	43.75502	356612	Asahikawa
135.16998	34.67999	1528478	Kōbe
139.60202	35.43066	3697894	Yokohama
140.08999	39.70999	320069	Akita
140.71000	40.82504	298394	Aomori
140.47002	40.56999	174972	Hirosaki
141.54003	40.50999	239046	Hachinohe
140.47002	37.74001	294237	Fukushima
141.13003	39.72002	295172	Morioka
139.04003	37.92000	569797	Niigata
131.28500	-0.85541	125535	Sorong
-88.59265	15.71749	56605	Puerto Barrios
82.23750	16.96748	292923	Kakinada
79.57999	18.01000	1203853	Warangal
84.79998	19.31999	324726	Brahmapur
75.70999	16.83542	271064	Vijayapura
73.12805	19.35196	795000	Bhiwandi
76.56999	18.40041	374394	Latur
74.74577	19.08203	391760	Ahmednagar
79.30001	19.96998	595118	Chandrapur
77.78181	20.92562	734451	Amravati
74.77000	20.89998	479073	Dhule
94.89999	27.48332	166366	Dibrugarh
93.95002	24.79997	264986	Imphal
179.38330	-16.41658	24187	Labasa
-1.67001	48.10002	209375	Rennes
7.26308	43.71696	927000	Nice
1.44798	43.62190	847000	Toulouse
1.24999	45.82998	152199	Limoges
3.07806	50.65192	1044000	Lille
7.75001	48.57997	439972	Strasbourg
-72.70002	-45.39993	8067	Puerto Aisén
-72.51168	-51.71830	20000	Puerto Natales
-67.61671	-54.93330	2500	Puerto Williams
-72.58000	-38.73000	265901	Temuco
-37.18332	65.56658	286	Kulusuk
-49.63507	62.00410	1862	Paamiut
-21.96665	70.48336	469	Ittoqqortoormiit
-42.21671	62.53328	10	Timmiarmiut
-46.03641	60.72891	3224	Qaqortoq
-50.70991	67.01412	556	Kangerlussuaq
-17.80004	81.71663	10	Nord
-53.56524	69.24416	10	Qeqertasuaq
-57.06736	74.12097	204	Nuussuaq
-51.09997	69.21667	4413	Ilulissat
21.72998	38.23000	163360	Patra
41.63001	41.60001	155542	Batumi
44.00668	36.18099	926000	Irbil
27.41666	66.66667	8883	Kemijärvi
23.11667	63.83330	46714	Kokkola
25.66493	60.99386	98826	Lahti
29.76665	62.59999	53388	Joensuu
22.25496	60.45387	175945	Turku
58.44996	50.26994	23715	Khromtau
66.89761	50.24180	55521	Arqalyq
63.62830	53.22090	236901	Oostanay
63.24135	45.69136	36175	Baykonur
51.86659	47.06660	31624	Balyqshy
68.34770	51.82189	35819	Atbasar
69.41999	53.29999	128873	Kokshetau
72.96499	50.06502	170600	Temirtau
67.77001	47.77999	104357	Zhezqazghan
75.46489	49.42490	8195	Qarqaraly
74.95025	46.85322	81364	Balqash
69.22000	54.88000	228238	Petropavlovsk
80.42970	47.96473	45861	Ayakoz
78.40001	45.00000	88380	Taldyqorghan
58.45146	35.18143	157135	Kashmar
58.36196	29.10769	99268	Bam
57.08002	30.30000	577514	Kerman
73.73001	24.59998	469737	Udaipur
68.25489	43.30156	97360	Turkistan
83.38002	26.75039	674246	Gorakhpur
87.86496	23.25037	301725	Barddhaman
88.53004	23.38034	145926	Krishnanagar
85.00002	24.79997	423692	Gaya
69.67000	21.66998	234684	Porbandar
-58.07998	-32.32998	79016	Paysandú
-57.96869	-31.39035	105690	Salto
-92.10638	46.78333	84800	Duluth
-94.88019	47.47357	14796	Bemidji
-109.67768	48.54524	11154	Havre
-114.31598	48.19777	32062	Kalispell
-112.03330	43.46669	79399	Idaho Falls
-117.01659	46.41661	49289	Lewiston
-120.50470	46.60223	99287	Yakima
-120.30902	47.42363	62625	Wenatchee
-109.54836	31.35864	30185	Douglas
-119.01998	35.36997	443129	Bakersfield
-122.27804	37.80472	1510271	Oakland
-118.13582	34.69805	225799	Lancaster
-121.83640	39.72862	95888	Chico
-121.89358	36.60026	124288	Monterey
-121.64166	36.68222	156784	Salinas
-106.29771	35.89110	12233	Los Alamos
-123.10002	44.05001	245158	Eugene
-124.21659	43.36662	31976	Coos Bay
-121.30860	44.05393	75441	Bend
-109.05710	44.52321	9161	Cody
-91.66002	41.96998	170621	Cedar Rapids
-93.32000	37.18002	210939	Springfield
-96.68000	40.81997	246220	Lincoln
-92.44501	31.31110	76565	Alexandria
-99.73279	32.44862	114247	Abilene
-97.50000	25.91998	181399	Brownsville
-95.30078	32.35109	112245	Tyler
-69.68000	11.42001	195227	Coro
-70.21001	11.71999	234736	Punto Fijo
-71.53805	43.20807	44606	Concord
-86.60999	34.71996	212733	Huntsville
-81.78275	24.55523	29377	Key West
-80.12362	26.74502	1250000	West Palm Beach
-82.53079	27.33612	589959	Sarasota
-81.02308	29.21055	216890	Daytona Beach
-82.32504	29.65138	191097	Gainesville
-81.86049	26.64030	188606	Ft. Myers
-81.49165	31.14969	47085	Brunswick
-81.98498	33.46081	262332	Augusta
-90.87775	32.35248	25701	Vicksburg
-78.88698	33.68891	49357	Myrtle Beach
-79.99210	32.79238	411940	Charleston
-89.57868	40.68944	172308	Peoria
-87.55583	37.97470	174102	Evansville
-85.75065	38.22696	948000	Louisville
-84.50002	38.05002	264578	Lexington
-80.83198	35.20694	995000	Charlotte
-80.64974	41.09970	311990	Youngstown
-81.37864	40.79886	258660	Canton
-83.55298	41.63979	469924	Toledo
-82.99196	39.98192	1270000	Columbus
-85.25000	35.06999	257589	Chattanooga
-78.47693	38.02919	87925	Charlottesville
-79.14247	37.41362	103893	Lynchburg
-89.62999	44.95915	75422	Wausau
-73.75755	42.65374	870716	Albany
-76.49694	42.44057	59930	Ithaca
-76.88475	40.27360	528892	Harrisburg
-65.54660	3.17382	150	La Esmeralda
-63.60000	8.09998	338000	Ciudad Bolívar
-61.63333	6.73330	2383	El Dorado
-67.59775	10.24883	1007000	Maracay
-68.77835	44.80115	50213	Bangor
-70.24553	43.67216	135866	Portland
-83.95083	43.41948	121379	Saginaw
10.72001	34.75003	453050	Sfax
43.84977	16.93978	105542	Sadah
42.95103	14.79989	780000	Al Hudaydah
-131.66399	55.35622	9070	Ketchikan
-166.53160	53.86858	3571	Unalaska
-160.37832	59.07036	236	Togiak
-157.31253	61.76100	25	Red Devil
-166.09656	61.53109	1079	Hooper Bay
-160.03830	70.63689	174	Wainwright
-156.92700	64.73329	500	Galena
-143.60291	70.08786	101	Kaktovik
-135.31390	59.45832	955	Skagway
-145.75750	60.54278	2257	Cordova
-151.25801	60.55435	7610	Kenai
-145.27378	66.56468	833	Fort Yukon
34.15940	44.49931	79509	Yalta
30.09888	51.38941	0	Chernobyl
34.78086	50.92429	294456	Sumy
37.55620	47.09618	481626	Mariupol
51.24544	15.21050	189	Sayhut al Ghamirah
49.12593	14.54116	258132	Al Mukalla
59.96496	41.83999	201424	Daşoguz
60.64001	41.55998	150110	Urgentch
98.38153	7.87653	141618	Phuket
108.00001	13.98329	142900	Play Ku
109.17002	12.25004	411556	Nha Trang
109.22066	11.90202	146771	Cam Ranh
109.18004	13.77997	805290	Qui Nhon
107.58004	16.46999	950000	Hue
106.83006	10.97001	652646	Biên Hòa
105.77002	10.04999	1121000	Can Tho
28.89001	-11.20000	42277	Mansa
31.45998	-11.83004	28445	Mpika
31.37001	-8.84004	20570	Mbala
28.40001	-13.13332	151993	Luanshya
28.65002	-12.99994	396339	Ndola
23.10995	-13.54002	7074	Zambezi
28.18003	-15.78003	47554	Kafue
27.76000	-15.86003	64006	Mazabuka
26.50003	-18.37000	33989	Hwange
29.82003	-19.45004	183358	Gweru
32.65004	-18.97002	249365	Mutare
29.90995	-18.33001	79174	Kadoma
-44.79999	-4.22999	72372	Bacabal
-46.77000	-1.05003	57163	Bragança
-55.52001	-1.91003	27587	Óbidos
-65.34995	-10.80003	69586	Guajara-Miram
-48.41995	-10.70003	9129	Porto Nacional
-54.81000	-22.23003	162202	Dourados
-41.97001	-18.87002	250878	Governador Valadares
-44.92998	-17.33002	60164	Pirapora
-43.37499	-21.77000	470193	Juiz de Fora
-53.80001	-29.68332	249219	Santa Maria
-52.41999	-28.25002	179529	Passo Fundo
-52.64003	-27.10001	160157	Xapeco
-48.84190	-26.31801	988000	Joinville
-39.32001	-7.21001	225230	Juazeiro do Norte
-39.37001	-17.88001	55980	Nova Viçosa
-38.42999	-12.14000	124070	Alagoinhas
-40.49997	-9.42001	95132	Juazeiro
-40.35394	-20.33204	1704000	Vitória
-34.87802	-7.09919	956000	João Pessoa
-35.88002	-7.23001	417261	Campina Grande
-42.54005	-22.26000	171991	Nova Friburgo
-101.66660	57.88322	278	Brochet
-101.04997	56.85003	482	Lynn Lake
-94.69997	56.34998	1281	Gillam
-108.28335	52.76664	19440	North Battleford
-105.74999	53.20002	34609	Prince Albert
-124.99998	49.68334	32793	Courtenay
-119.48331	49.89999	125109	Kelowna
-65.75003	66.13331	1320	Pangnirtung
-117.74998	70.73337	500	Holman
-59.77998	8.19998	2972	Mabaruma
-57.52999	6.25002	46874	New Amsterdam
-92.83334	49.78333	7862	Dryden
-82.43332	52.91663	1802	Attawapiskat
-79.83000	43.24998	721053	Hamilton
-83.03685	42.31546	319246	Windsor
-72.54995	46.34997	119693	Trois-Rivières
-66.36002	50.31609	25686	Sept-Îles
-57.93335	48.95000	20791	Corner Brook
-23.14997	66.08332	2534	Ísafjörður
-18.10002	65.66657	16563	Akureyri
-22.56659	64.01665	7930	Keflavík
-71.31661	-42.90003	20048	Esquel
-70.06666	-38.90002	19152	Zapala
-66.16998	-17.41001	1000000	Cochabamba
-60.33000	-36.90004	86320	Olavarría
-59.15004	-37.32001	104325	Tandil
-62.99755	-40.81320	59122	Viedma
-66.35002	-33.30000	432310	San Luis
-64.34999	-33.13003	153757	Río Cuarto
-65.30003	-24.18334	305891	San Salvador de Jujuy
-64.32001	-23.14000	74059	San Ramón de la Nueva Orán
-59.26998	-29.13999	72304	Goya
-50.45001	-21.20999	170024	Araçatuba
4.41307	51.22232	920000	Antwerpen
67.82273	34.81334	61863	Bamian
68.69926	36.13933	218748	Baghlan
-67.13000	-17.97995	246501	Oruro
-63.51998	-20.05000	27961	Camiri
30.52996	39.79500	514869	Eskişehir
30.69803	36.89193	783000	Antalya
35.49002	38.73496	592840	Kayseri
31.00001	52.43002	480951	Homyel
134.20002	-19.65003	3889	Tennant Creek
130.98889	-25.24054	930	Yulara
133.19997	-25.23331	10	Erldunda
121.76661	-32.20001	1004	Norseman
127.67124	-18.22268	1209	Halls Creek
128.73332	-15.76660	5679	Kununurra
123.64215	-17.31182	3199	Derby
115.09630	-21.65759	573	Onslow
114.12335	-21.93110	1085	Exmouth
113.65011	-24.89984	7392	Carnarvon
119.73330	-23.36660	5138	Newman
118.48330	-26.59999	654	Meekatharra
115.74998	-29.53330	190	Three Springs
116.15001	-34.23333	4240	Manjimup
116.65339	-31.65658	5855	Northam
121.88890	-33.85731	7888	Esperance
121.32804	-28.88151	227	Leonara
122.40404	-28.62700	316	Laverton
128.22432	-15.59453	800	Wyndham
146.92001	-36.06003	104258	Albury
152.52665	-32.19314	17591	Forster-Tuncurry
152.91867	-31.44502	48547	Port Macquarie
150.91713	-31.10261	38551	Tamworth
152.93768	-29.71200	9955	Grafton
149.83007	-29.46990	8203	Moree
150.32528	-28.55481	4251	Goondiwindi
153.29311	-28.81665	31430	Lismore
150.89000	-34.41538	260914	Wollongong
133.66227	-32.09913	1586	Ceduna
140.76504	-37.83135	23209	Mount Gambier
137.77003	-32.49002	13897	Port Augusta
142.47000	-38.38000	29928	Warrnambool
142.15136	-34.18501	47867	Mildura
144.39563	-38.16750	160991	Geelong
138.11667	-19.91673	187	Camooweal
144.25005	-26.61663	560	Quilpie
146.25003	-26.40001	1900	Charleville
144.20003	-20.85001	421	Hughenden
153.13333	-26.80003	38706	Caloundra
148.79070	-26.55937	5496	Roma
151.95552	-27.56453	92800	Toowoomba
143.53330	-18.30003	818	Georgetown
143.81669	-27.99996	203	Thargomindah
141.86663	-12.66663	2830	Weipa
140.83341	-17.48334	173	Karumba
140.49999	-20.69999	1202	Cloncurry
152.72090	-25.54910	20678	Maryborough
152.35090	-24.87906	52472	Bundaberg
151.24673	-23.85334	30489	Gladstone
148.20867	-20.00133	10983	Bowen
146.03867	-17.53135	10143	Innisfail
149.15001	-21.14389	75922	Mackay
145.91666	-41.06660	19972	Burnie
147.13018	-41.44984	72458	Launceston
-1.14999	60.15004	6594	Lerwick
37.38305	37.07693	1044000	Gaziantep
89.28002	25.75002	285564	Rangpur
96.51498	17.32001	284318	Bago
96.43788	18.47788	40386	Pyu
95.21144	18.81646	135308	Pyay
94.91957	20.14454	125973	Magway
97.39275	25.35963	139100	Myitkyina
95.15000	22.10499	226222	Monywa
-4.75003	41.65000	322304	Valladolid
3.20000	13.05002	49750	Dosso
36.71808	34.73190	1005000	Homs
27.40002	8.76656	46705	Aweil
37.73329	18.43333	73202	Tokar
15.62994	58.41001	96732	Linköping
14.65000	63.18331	46178	Östersund
20.21664	67.85000	18154	Kiruna
20.23999	63.82999	78197	Umeå
17.64000	59.86005	133117	Uppsala
23.59845	46.78842	316748	Cluj-Napoca
99.97001	8.39999	232335	Nakhon Si Thammarat
100.56000	7.20996	48616	Songkhla
100.47143	6.99643	317954	Hat Yai
100.07000	15.70003	111915	Nakhon Sawan
104.83003	15.24996	273893	Ubon Ratchathani
-81.12002	-5.08999	56151	Paita
-81.27998	-4.57999	99074	Talara
-80.45998	-3.57003	109223	Tumbes
-69.18333	-12.60002	67155	Puerto Maldonado
-71.34002	-17.64002	53476	Ilo
-70.94000	-17.18997	54517	Moquegua
-77.53001	-9.53003	86934	Huaraz
-78.53002	-7.15002	142665	Cajamarca
-76.24001	-9.92003	158145	Huánuco
-79.57061	-7.40065	39282	Pacasmayo
-78.98999	-8.22003	10066	Salaverry
-75.22997	-0.11660	10	Gueppi
-75.01998	-7.34003	18921	Contamana
-74.99001	-12.79003	44388	Huancavelica
-76.21998	-13.71003	81207	Pisco
-74.94001	-14.83001	23556	Nasca
-60.02999	-22.33999	10470	Filadelfia
-83.76495	11.99998	44373	Bluefields
-2.95001	35.30000	141308	Melilla
-16.88004	32.64998	204767	Funchal
-11.74002	7.97002	174354	Bo
-16.29000	12.58999	191716	Ziguinchor
7.38901	18.73634	100000	Arlit
12.30751	21.01498	10	Djado
2.65425	39.57426	375773	Palma
36.46355	26.23242	43237	Al Wajh
29.68329	6.80001	32083	Rumbek
28.41634	4.57053	40382	Yambio
31.55915	6.20720	26782	Bor
33.52001	14.39996	332714	Medani
35.38000	14.03998	201282	Gedaref
33.95998	17.58997	103941	Ad-Damir
33.97998	17.70999	168612	Atbarah
31.34996	21.80003	17121	Wadi Halfa
31.81665	18.48330	10234	Merowe
32.66001	13.16998	345068	Kosti
33.60001	13.54996	130122	Sennar
25.35002	13.62998	252609	El Fasher
29.70004	11.00996	176931	Kadugli
42.50013	18.23009	210886	Abha
42.55656	16.90655	105198	Jizan
32.05002	3.60000	242	Nimule
7.18332	62.74830	18594	Molde
10.50002	61.13328	19542	Lillehammer
30.05164	69.72501	3282	Kirkenes
45.57225	20.46225	24097	As Sulayyil
24.00002	-30.64998	32318	De Aar
16.50332	-28.60834	1500	Alexander Bay
24.77000	-28.74684	165264	Kimberley
22.19000	-33.58003	76708	Oudtshoorn
18.73332	-31.61664	3331	Vanhynsdorp
17.93001	-33.01004	68284	Saldanha
22.13001	-34.17002	16743	Mossel Bay
33.47004	-19.12004	256936	Chimoio
35.24001	-13.30003	109839	Lichinga
39.91001	-16.23003	57835	Angoche
40.68218	-15.03990	54315	Mocambique
24.73000	-26.96002	49588	Vryburg
27.24003	-25.65002	165976	Rustenburg
25.61000	-25.83001	104428	Mmabatho
26.62002	-26.88003	178921	Klerksdorp
27.21001	-27.66003	103992	Kroonstad
29.45003	-23.89003	220045	Polokwane
30.48004	-22.95003	269707	Thohoyandou
30.02999	-22.33999	20191	Musina
30.79000	-27.76002	150012	Vryheid
30.39002	-29.61004	750845	Pietermaritzburg
143.63670	-3.55349	25143	Wewak
145.78525	-5.22481	62023	Madang
150.81298	-2.58128	19728	Kavieng
-82.87002	8.28002	27147	Puerto Armuelles
-5.80620	35.77593	750060	Tangier
-9.62004	30.43999	825467	Agadir
35.33982	-23.85804	115776	Inhambane
28.79002	-31.58000	137772	Umtata
24.54004	-32.30001	62896	Graaff Reinet
27.39000	-32.87000	160997	Bhisho
43.64999	3.11998	129839	Baydhabo
44.76890	1.71995	1958	Marka
-173.22579	64.42350	2536	Provideniya
-169.81058	66.15414	776	Uelen
32.41439	67.16434	38126	Kandalaksha
28.75493	60.70388	117201	Vyborg
34.28870	62.20872	34360	Kondopoga
56.37229	70.59807	10	Rusanovo
44.24003	65.85222	3672	Mezen
42.09742	61.06739	26300	Velsk
46.66308	61.26307	59879	Kotlas
38.07715	63.92714	22693	Onega
41.00999	57.01002	420839	Ivanovo
40.94002	57.77003	277656	Kostroma
46.29866	60.76871	33237	Velikiy Ustyug
39.64000	52.62000	515655	Lipetsk
36.06998	52.96996	334552	Orel
42.15995	47.50998	167731	Volgodonsk
36.59993	50.63000	345289	Belgorod
37.76993	44.72997	241856	Novorossiysk
40.40993	56.12997	318648	Vladimir
55.54435	55.42438	41014	Birsk
59.64999	55.17499	191366	Zlatoust
61.66770	69.76301	282	Amderma
53.05742	67.64741	21658	Naryan Mar
60.16743	66.03743	22921	Inta
57.40300	65.92304	45000	Usinsk
57.20875	65.15875	46113	Pechora
59.95504	56.91003	133600	Pervouralsk
53.23002	56.85003	631038	Izhevsk
46.16870	48.27872	44551	Akhtubinsk
44.20871	46.32866	106971	Elista
45.69741	51.01739	25841	Krasnoarmeysk
57.53141	22.92639	72076	Nizwa
59.53480	22.57582	71152	Sur
47.30000	3.76658	548	Mereeg
45.20002	4.73998	62945	Beledweyne
49.17999	11.28002	46969	Boosaaso
50.81668	9.48331	13753	Bandarbeyla
47.43001	6.76996	61200	Gaalkacyo
49.83328	7.98335	18904	Eyl
48.50003	8.39999	2568	Garoowe
80.38330	8.34999	118302	Anuradhapura
80.00503	9.67500	250000	Jaffna
122.98168	10.63169	949354	Bacolod
122.75110	11.58527	102688	Roxas
118.74438	9.75427	157144	Puerto Princesa
123.18136	13.61915	741635	Naga
120.54509	15.14506	314493	Angeles
121.02170	13.78168	424508	Batangas
124.24843	7.21691	279519	Cotabato
124.60417	12.06718	67921	Calbayog
124.68530	8.45084	1121561	Cagayan de Oro
42.75056	0.07218	185270	Jamaame
42.51832	-0.35663	234852	Kismaayo
-109.90452	22.89276	42601	Cabo San Lucas
-101.42000	26.90000	236244	Monclova
-98.42002	16.68005	30271	Ometepec
-86.95000	20.51000	73934	Cozumel
-16.51001	16.01999	220792	Saint-Louis
-11.41660	18.55002	19981	Tidjikdja
4.54805	8.49196	771000	Ilorin
6.55003	9.61999	291905	Minna
7.70806	11.08193	889000	Zaria
8.89004	9.92997	816824	Jos
12.48000	9.20999	96006	Yola
19.45823	51.76780	758000	Łódź
56.75999	59.42000	167748	Berezniki
18.12999	-26.57390	18039	Keetmanshoop
16.93999	-24.84000	2329	Maltahöhe
14.53502	-22.66886	29491	Swakopmund
15.77003	-17.78001	25032	Ongwediva
19.74995	-17.92001	58172	Rundu
17.71002	-19.24003	14959	Tsumeb
32.80000	-5.02002	146495	Tabora
39.70000	-10.00002	41912	Lindi
35.65001	-10.68003	126449	Songea
39.09001	-5.07004	224876	Tanga
-0.88998	41.65000	649404	Zaragoza
11.97863	57.70915	537797	Göteborg
-10.07002	28.97997	115267	Goulimine
-11.68333	26.73329	48149	Smara
-15.93681	23.71406	89292	Ad Dakhla
27.80000	11.33335	19700	Babanusa
98.80000	1.74998	217312	Sibolga
99.06149	2.96143	341200	Pematangsiantar
101.42307	0.56691	799000	Pekanbaru
124.84999	1.48002	451893	Manado
110.37501	-7.77995	636660	Yogyakarta
122.59731	-3.95533	165377	Kendari
119.83304	-0.90704	612445	Palu
135.51342	-3.35154	43898	Nabire
140.40181	-8.49319	34412	Merauke
-8.62305	52.66470	90054	Limerick
-9.03881	5.01113	10374	Greenville
-10.05247	5.91608	48315	Buchanan
-11.36859	6.75332	11969	Robertsport
15.78001	4.24996	61815	Berbérati
8.93004	44.40999	647497	Genoa
21.98330	6.53331	29027	Bria
37.98000	2.33000	16460	Marsabit
39.05001	3.51998	24837	Moyale
36.06998	-0.28000	364727	Nakuru
26.51000	55.87996	111564	Daugavpils
97.14145	5.19140	140322	Lhokseumawe
100.71999	4.86496	237095	Taiping
101.06498	4.59999	673318	Ipoh
102.22998	6.11997	505583	Kota Baharu
102.24646	2.20641	788706	Malacca
103.32004	3.82996	366229	Kuantan
118.75333	30.95445	866000	Xuanzhou
113.56583	22.27889	1023000	Zhuhai
117.15000	-0.50004	592228	Samarinda
117.89600	4.27097	306462	Tawau
118.10797	5.84296	392288	Sandakan
116.11001	5.97998	527671	Kota Kinabalu
111.84303	2.30297	203832	Sibu
40.91967	-2.26204	24525	Lamu
40.10002	-3.21000	94016	Malindi
34.75001	-0.09004	395615	Kisumu
47.03329	-19.85002	307921	Antsirabe
50.28333	-14.88334	47224	Antalaha
48.26660	-13.40002	22680	Andoany
47.83324	-22.81661	24764	Farafangana
48.33332	-21.21665	27686	Mananjary
44.01668	-18.06661	5925	Maintirano
49.40498	-18.18180	210226	Toamasina
49.73334	-15.43334	38046	Maroantsetra
46.99004	-25.02681	16818	Tôlanaro
43.36568	-21.73914	16727	Morombe
44.07495	-25.02195	174	Androka
44.28333	-20.28327	36803	Morondava
108.56664	-6.73330	254298	Cirebon
108.21468	-7.32541	271143	Tasikmalaya
106.74806	-6.56806	918000	Bogor
102.26997	-3.80004	426673	Bengkulu
109.31998	-0.02999	607311	Pontianak
104.90000	-4.83331	42366	Kotabumi
103.53331	-3.80004	65906	Lahat
106.15005	-2.08004	125933	Pangkalpinang
113.68731	-8.17269	298585	Jember
114.83649	-3.41350	198239	Martapura
120.46985	-8.61184	53976	Ruteng
-79.95999	-3.26002	213034	Machala
-79.21001	-3.99000	126368	Loja
-80.72997	-0.98001	183166	Manta
-78.65004	-1.67004	172464	Riobamba
-71.23094	18.80895	72950	San Juan
-78.80998	1.80998	86713	Tumaco
21.50999	2.14001	70087	Lisala
19.77000	3.26002	198056	Gemena
21.59025	17.18473	448	Fada
19.11670	17.91667	13400	Faya Largeau
15.31332	14.11943	18031	Mao
9.76999	1.87000	173046	Bata
20.91670	14.53326	11000	Biltine
18.39003	9.14997	169196	Sarh
20.28330	11.03329	30443	Am Timan
25.51667	29.20001	23080	Siwa
30.75000	28.09000	500000	El Minya
32.95002	24.46999	303962	Kom Ombo
30.55001	25.44001	49991	El Kharga
33.83002	27.23000	157204	Hurghada
24.74003	2.81999	45677	Buta
29.52997	3.04001	24516	Watsa
27.62001	2.75997	157196	Isiro
23.67002	3.80996	23517	Bondo
6.94806	50.93195	1004000	Cologne
26.70988	58.38394	101092	Tartu
108.71278	34.34750	1126000	Xianyang
112.12810	32.02194	1069000	Xiangyang
105.53139	30.53528	1425000	Suining
119.39916	41.24195	806000	Lingyuan
122.09998	37.49997	560255	Weihai
114.39805	27.83528	982000	Yichun
120.16752	33.33788	839000	Yancheng
119.95000	30.05528	771000	Fuyang
18.28001	-1.94000	40113	Inongo
20.77004	-6.40996	267462	Tshikapa
13.04999	-5.82999	178638	Boma
28.84004	-2.50999	436779	Bukavu
29.14002	-3.36999	170391	Uvira
25.90998	-2.96392	262914	Kindu
23.44001	-7.00000	189177	Mwene-Ditu
26.78001	-10.97004	434408	Likasi
27.44999	-7.30003	46111	Manono
25.00999	-8.73002	128803	Kamina
35.13325	-16.55001	25235	Chiromo
35.31003	-15.39003	80932	Zomba
103.61005	-1.59000	457090	Jambi
134.06927	-0.87112	74504	Manokwari
-52.64995	5.15998	24029	Kourou
-1.63196	6.69194	1646000	Kumasi
-1.70402	4.94328	286248	Sekondi
11.58331	1.61663	43423	Oyem
24.51358	58.37474	44192	Pärnu
79.98994	14.43998	678004	Nellore
78.03001	15.83000	424920	Kurnool
80.45001	16.33000	530577	Guntur
77.10004	13.32997	399606	Tumakuru
75.92001	14.47001	503564	Davangere
76.91504	15.15004	445388	Ballari
74.50500	15.86501	608756	Belagavi
10.65004	-3.41660	3996	Mayumba
10.00000	-2.65003	9928	Gamba
-1.14999	46.16665	76997	La Rochelle
-3.98336	22.66659	3019	Taoudenni
-3.52995	18.90002	4026	Araouane
1.08881	20.20139	6000	Tessalit
2.40000	15.91666	9110	Ménaka
-70.18999	-22.09004	24460	Tocopilla
-68.91999	-22.45001	143084	Calama
-70.45000	-23.10000	2041	Mejillones
-70.47002	-25.40001	10018	Taltal
-70.76001	-28.57000	44895	Vallenar
-70.62147	-26.34810	13543	Chañaral
-71.19949	-30.60945	77138	Ovalle
-72.11129	-36.60683	150396	Chillán
-70.73998	-34.17002	233268	Rancagua
-73.13066	-40.57871	154131	Osorno
-73.82997	-41.86997	28020	Ancud
-71.66564	-35.43021	197479	Talca
-71.24003	-34.98000	113711	Curicó
-11.58331	25.23330	10	Bir Mogrein
-15.81266	16.52402	47203	Rosso
-11.39999	16.61998	73930	Kiffa
-7.27998	15.18001	18459	Nara
-7.54999	12.88331	23919	Koulikoro
-4.18004	14.48998	108456	Mopti
16.05002	1.60999	28320	Ouésso
9.50003	30.13329	6623	Ghadamis
22.11419	37.03891	71823	Kalamata
15.93333	29.11666	18878	Hun
14.28336	27.53332	45421	Birak
10.17275	24.96474	24347	Ghat
13.89723	25.90440	55071	Marzuq
20.22000	30.76999	143833	Ajdabiya
21.28691	29.10803	6610	Awjilah
16.59004	31.20999	128123	Surt
22.63914	32.76481	127974	Darnah
23.96003	32.07999	263527	Tubruq
25.13050	35.32501	137154	Iraklio
41.02002	43.02002	81546	Sukhumi
35.83166	34.43827	530000	Ṭarābulus
37.72001	10.33998	70758	Debre Markos
39.63003	11.12998	183802	Dese
37.74999	6.90000	65737	Sodo
37.55000	6.04000	69622	Arba Minch
42.15003	9.31996	174994	Harar
39.97000	7.01002	34369	Goba
36.83004	7.67998	128306	Jima
39.27000	8.54998	476892	Nazret
39.58331	5.31661	11772	Negele Boran
43.45000	5.95001	75000	Gode
42.08331	4.18335	11810	Dolo Bay
24.58169	65.73331	22641	Kemi
25.47001	65.00000	136752	Oulu
59.61408	47.83629	27256	Shalqar
62.10752	45.76280	6582	Qazaly
61.66661	46.79997	33017	Aral
54.01654	46.98327	37103	Qulsary
51.33499	51.27112	209788	Oral
50.83001	28.91998	169060	Bandar-e Bushehr
48.27968	30.33074	370180	Abadan
48.30004	38.25000	414603	Ardabil
50.94806	34.65196	973000	Qom
49.99999	36.27002	464551	Qazvin
55.10004	45.18335	32452	Beyneu
51.23650	43.62319	4479	Aqtau
47.05806	34.38195	828313	Kermanshah
49.62998	37.29998	594590	Rasht
59.21994	32.88002	324703	Birjand
57.63001	36.22002	226183	Sabzewar
61.48146	31.02145	233968	Zabol
60.83002	29.49999	598887	Zahedan
78.13180	8.79780	436094	Tuticorin
77.97828	10.35991	200797	Dindigul
10.21068	56.15720	237551	Århus
-5.63995	9.45998	177711	Korhogo
-12.30001	11.31999	140575	Labé
-14.29999	10.93999	116270	Boké
-12.86997	10.06002	117062	Kindia
-6.45000	6.88998	255168	Daloa
27.25001	-29.81664	57059	Mafetang
-68.76883	-11.02052	44437	Cobija
-68.66998	-9.07000	26192	Sena Madureira
-66.09161	-2.51381	16060	Fonte Boa
-69.87381	-6.66002	21750	Eirunepé
-61.29748	-5.81217	21549	Manicoré
-62.92390	-0.97499	12584	Barcelos
-67.80189	-2.87271	4561	Tonantins
-64.69999	-3.36002	51437	Tefé
-63.12998	-4.07997	53305	Coari
-67.08331	-0.13324	15231	São Gabriel da Cachoeira
-60.94378	-2.62079	9049	Novo Airão
-58.43998	-3.14003	51509	Itacoatiara
-56.74001	-2.61004	64428	Parintins
-60.26995	-6.98383	980588	Natal
-63.03996	-7.46390	273883	Crato
-47.49001	-5.52004	218106	Imperatriz
-46.04999	-7.52002	68056	Balsas
-50.49000	-1.68002	47164	Breves
-57.76013	-6.22802	31661	Jacareacanga
-49.67365	-3.76736	76337	Tucuruí
-55.92502	-4.25862	92308	Itaituba
-49.29002	-8.25000	27115	Conceição do Araguaia
-48.88488	-1.72453	79420	Abaetetuba
-64.41665	-12.41667	956	Principe da Beira
-48.21001	-7.19001	50444	Araguaína
-48.28779	-10.23774	235315	Palmas
-41.50001	-17.87004	101170	Teófilo Otoni
-47.95000	-19.77999	260843	Uberaba
-44.36999	-15.48000	34811	Januária
-59.95002	-15.00003	16271	Santissima Trindade
-59.44387	-10.17666	26983	Aripuanã
-55.45999	-11.84999	8961	Sinop
-53.36998	-32.56004	29613	Jaguarão
-54.10002	-31.32002	106098	Bagé
-51.17999	-23.30004	520238	Londrina
-49.38997	-28.68002	204217	Criciúma
-37.77003	-4.55999	44293	Aracati
-38.84999	-6.40004	28323	Icó
-41.76997	-2.91002	138008	Parnaíba
-41.43999	-7.08000	57495	Picos
-36.67000	-9.75001	187668	Arapiraca
-40.07999	-13.85002	135574	Jequié
-39.05000	-14.78004	230622	Ilhéus
-38.96001	-15.64004	26375	Canavieiras
-44.21003	-13.39000	23488	Santa Maria da Vitória
-41.87001	-11.30000	63626	Irecê
-42.73001	-10.82003	35433	Xique-Xique
-40.05002	-19.38999	105075	Linhares
-41.32002	-21.74995	387417	Campos
-37.34000	-5.19003	202583	Mossoró
-37.11997	-10.90002	685356	Aracaju
-97.83329	53.96659	6000	Norway House
-101.88330	54.76659	6393	Flin Flon
-100.04995	51.15002	9077	Dauphin
-101.23332	53.81662	6055	The Pas
-108.61659	59.56656	89	Uranium City
-105.55000	50.39998	32166	Moose Jaw
-118.08337	52.88332	3907	Jasper
-110.68333	50.03331	63138	Medicine Hat
-113.80004	52.26664	74857	Red Deer
-115.57192	51.17800	7502	Banff
-118.79999	55.16664	41462	Grand Prairie
-127.16659	54.76659	6245	Smithers
-120.33329	50.66666	68714	Kamloops
-122.15000	52.11665	14168	Williams Lake
-122.76665	53.91667	65558	Prince George
-122.68654	58.80388	6315	Fort Nelson
-78.00006	72.68498	1549	Pond Inlet
-76.53858	64.31252	1326	Cape Dorset
-69.88332	62.85003	385	Kimmirut
-95.91666	68.63329	1109	Gjoa Haven
-82.94999	76.44165	23	Grise Fiord
-62.24998	82.48332	125	Alert
-100.88334	61.13328	0	Ennadai
-92.09532	62.81667	2472	Rankin Inlet
-113.68299	61.16659	448	Fort Resolution
-121.33328	61.84998	283	Fort Simpson
-133.69999	68.34997	3022	Inuvik
-133.04920	69.45477	929	Tuktoyaktuk
-128.71169	60.06231	802	Watson Lake
-52.48001	-0.85004	45000	Laranjal do Jari
-50.80001	2.04999	1947	Amapá
-51.21665	3.21666	1209091	Vila Velha
-87.88333	52.21664	120	Lansdowne House
-80.65798	51.28060	1725	Moosonee
-80.96664	46.49999	157857	Sudbury
-94.46665	49.76669	10852	Kenora
-64.49336	48.83731	3677	Gaspé
-64.01726	50.30176	588	Mingan
-72.23333	48.86659	13337	Dolbeau
-77.76663	48.11664	20625	Val d'Or
-77.89998	62.41664	156	Ivugivik
-78.13599	58.47001	1597	Inukjuak
-71.06671	48.43331	53940	Chicoutimi
-64.76668	46.08335	90635	Moncton
-66.63331	45.95000	52337	Fredericton
-65.64998	47.59997	6111	Bathurst
-66.11258	43.83080	7500	Yarmouth
-54.54999	48.95000	3345	Gander
-57.01214	53.70141	505	Cartwright
-58.44732	54.17660	124	Rigolet
-64.74110	60.26646	2762	Port Burwell
15.59997	5.95001	34372	Bouar
-67.71665	-49.30000	2347	Puerto San Julián
-70.93336	-46.60001	3766	Perito Moreno
-67.69899	-53.79145	31095	Rio Grande
-68.31000	-54.79000	58028	Ushuaia
-69.08331	-45.60002	5185	Sarmiento
-68.33333	-34.60002	109163	San Rafael
-58.74999	-38.55999	80478	Necochea
-64.08328	-38.96658	11499	Río Colorado
-65.78000	-28.47001	188812	Catamarca
-66.84996	-29.40995	162620	La Rioja
-64.26666	-27.78333	354692	Santiago del Estero
-58.99003	-27.45999	387158	Resistencia
-58.52000	-33.02001	78676	Gualeguaychú
-46.32850	-23.96184	1709000	Santos
-49.08001	-22.33002	335024	Bauru
-47.56995	-24.72000	23784	Iguape
-47.39001	-20.53003	305041	Franca
-36.50003	-8.89001	110085	Garanhuns
-35.98001	-8.28003	242094	Caruaru
62.09682	32.39173	73647	Farah
20.82998	-7.38003	11985	Dundo
13.12503	-7.85499	17000	Ambriz
14.43001	-9.69002	2353	Dondo
13.85000	-11.21003	33277	Sumbe
15.04997	-7.62001	60008	Uíge
16.93999	-12.38003	114286	Kuito
13.54123	-12.37001	207932	Lobito
14.96998	-16.74003	447	Xangongo
19.90001	-11.79004	21115	Luena
11.85999	-15.80003	40000	Tômbua
-58.42001	-16.36000	6352	San Matias
-60.78000	-17.85004	9211	San Jose
-0.28997	27.86999	56910	Adrar
0.16665	26.69998	32974	Reggane
-2.23000	31.61110	143382	Béchar
-8.14778	27.67419	18270	Tindouf
8.46660	26.48336	7957	Illizi
3.74999	25.27999	423251	Arak
2.46661	27.21664	49223	I-n-Salah
2.88333	30.56662	32049	El Goléa
2.88002	33.80999	113872	Laghouat
6.05998	33.09998	133954	Touggourt
5.34002	31.96997	176271	Ouargla
5.73003	34.85998	202103	Biskra
3.25002	34.67999	170901	Djelfa
5.39997	36.18003	274744	Sétif
6.17000	35.56996	280798	Batna
27.47464	42.51460	195966	Burgas
30.18533	55.18871	342700	Vitsyebsk
25.51001	-24.39997	63248	Molepolole
98.61149	12.45408	266720	Myeik
158.14997	6.91664	4645	Palikir
171.38000	7.10300	25400	Majuro
144.75002	13.47002	122411	Agana
-66.72999	18.44002	69307	Arecibo
179.21665	-8.51665	4749	Funafuti
134.62655	7.48740	7026	Melekeok
-9.65252	26.11917	500	Bir Lehlou
7.40691	43.73965	36371	Monaco
173.01757	1.33819	28802	Tarawa
-37.63374	65.60187	1829	Tasiilaq
43.24024	-11.70416	128698	Moroni
113.54438	22.18914	568700	Macau
1.52659	42.51075	53998	Andorra
-65.11248	76.01948	66	Savissivik
-55.54912	72.37964	200	Kangersuatsiaq
-52.12293	70.67502	1299	Uummannaq
-16.25000	28.46998	336061	Santa Cruz de Tenerife
-159.78544	-21.19623	5445	Avarua
-122.02639	36.97195	148444	Santa Cruz
121.60001	23.98374	350468	Hualien
121.46500	25.01278	3893740	New Taipei
120.20004	23.00000	1876312	Tainan
121.14004	22.75539	175000	Taitung
175.60721	-40.35269	82400	Palmerston North
175.03930	-39.93263	43200	Whanganui
176.83680	-39.63820	66100	Hastings
178.01808	-38.66333	34300	Gisborne
176.24826	-38.13174	56200	Rotorua
176.07705	-38.69301	22600	Taupo
176.15363	-37.69642	121500	Tauranga
171.24247	-44.39715	27200	Timaru
173.24745	-41.29259	60800	Nelson
174.32297	-35.72557	52200	Whangarei
168.72508	-45.02267	16600	Queenstown
168.36501	-46.40944	49200	Invercargill
-117.30198	34.12233	1745000	San Bernardino
-73.20191	41.18192	1018000	Bridgeport
-77.62190	43.17237	755000	Rochester
-2.24869	53.47532	2230000	Manchester
74.18308	32.16237	1513000	Gujranwala
126.64029	37.47809	2550000	Incheon
5.61806	6.34242	1190000	Benin City
118.07807	24.45194	2519000	Xiamen
106.12805	30.78238	2174000	Nanchong
105.04807	29.58232	1466000	Neijiang
112.52807	33.00235	1944000	Nanyang
120.82803	40.75229	2426000	Jinxi
121.39808	37.53235	2116000	Yantai
117.56808	34.88195	2145000	Zaozhuang
120.61807	31.30242	1650000	Suzhou
117.17807	34.28196	2091000	Xuzhou
120.29804	31.58194	1749000	Wuxi
126.54810	43.85192	2396000	Jilin
76.77806	30.72194	979000	Chandigarh
74.84479	32.71373	791000	Jammu
75.89806	17.67235	1057000	Sholapur
75.32895	19.86169	1113000	Aurangabad
73.77804	20.00237	1473000	Nasik
91.76664	26.14402	16140	Dispur
75.56707	31.33687	855000	Jullundur
81.83806	25.45694	1201000	Allahabad
78.75484	28.84374	787000	Moradabad
77.40645	28.66233	1341000	Ghaziabad
78.01308	27.17237	1592000	Agra
78.05984	27.89416	805000	Aligarh
77.69805	29.00236	1398000	Meerut
86.41804	23.80234	1246000	Dhanbad
78.16920	26.20003	978000	Gwalior
73.17807	22.31197	1756000	Vadodara
70.79806	22.31197	1260000	Rajkot
-56.51005	-33.41002	34037	Durazno
-93.41085	48.60113	15240	International Falls
-93.08498	44.94399	734854	St.  Paul
-108.54000	45.78830	104552	Billings
-111.29999	47.50029	66558	Great Falls
-113.99305	46.87224	72856	Missoula
-101.29582	48.23249	39439	Minot
-96.78943	46.87723	162842	Fargo
-155.08154	19.70564	52391	Hilo
-122.89943	47.03804	156984	Olympia
-117.41995	47.67000	347705	Spokane
-122.63999	45.63030	525802	Vancouver
-111.65051	35.19810	63993	Flagstaff
-110.89193	32.20694	823000	Tucson
-119.71662	34.41080	181632	Santa Barbara
-119.77298	36.74772	616353	Fresno
-124.15037	40.79304	42398	Eureka
-104.79199	38.86296	493654	Colorado Springs
-119.82001	39.52998	328585	Reno
-115.76199	40.83251	19252	Elko
-106.64133	35.10498	898642	Albuquerque
-123.02390	44.92807	229010	Salem
-106.32324	42.84687	60791	Casper
-95.66998	39.05000	132091	Topeka
-94.60604	39.10903	1469000	Kansas City
-95.93002	36.12000	946962	Tulsa
-96.73000	43.54999	155724	Sioux Falls
-93.77002	32.50002	248053	Shreveport
-91.14016	30.45795	422072	Baton Rouge
-97.34004	32.73998	1440454	Ft.  Worth
-97.40189	27.74281	277454	Corpus Christi
-97.74472	30.26890	1161000	Austin
-101.83000	35.22998	181766	Amarillo
-106.51194	31.78193	753000	El Paso
-99.50722	27.50614	434768	Laredo
-71.18252	8.56952	345489	Mérida
-73.21247	44.47580	93807	Burlington
-86.27919	32.36160	198325	Montgomery
-84.28003	30.44999	221222	Tallahassee
-81.38198	28.51192	1350000	Orlando
-81.67193	30.33197	988000	Jacksonville
-81.10999	32.02111	180187	Savannah
-81.03126	33.99686	398093	Columbia
-86.17199	39.75193	1436000	Indianapolis
-77.94502	34.22552	161560	Wilmington
-83.92003	35.97001	655400	Knoxville
-77.45193	37.55197	912000	Richmond
-81.63273	38.34974	123799	Charleston
-76.61458	39.28152	2255000	Baltimore
-76.15001	43.04999	662577	Syracuse
-67.62361	5.66390	52526	Puerto Ayacucho
-61.51703	10.65200	294934	Port-of-Spain
-69.77999	44.31056	24042	Augusta
-84.34528	46.49526	83805	Sault Ste. Marie
1.12002	7.53004	80683	Atakpamé
10.62503	35.82999	327004	Sousse
44.03747	13.60640	751000	Taizz
-135.32755	57.06040	8931	Sitka
24.02999	49.83498	803880	Lviv
30.70806	46.49196	991000	Odessa
28.66217	50.24558	282192	Zhytomyr
34.99808	48.48192	1050000	Dnipro
37.82803	48.00195	988000	Donetsk
36.24808	50.00193	1461000	Kharkiv
52.96968	40.02305	68292	Türkmenbaşy
64.43001	39.78001	319476	Bukhara
59.61501	42.47000	230006	Nukus
63.58004	39.11000	234817	Türkmenabat
61.83332	37.60002	178708	Mary
72.33997	40.79000	650000	Andijan
106.67815	20.83195	1969000	Haiphong
108.24997	16.06004	1000000	Da Nang
28.44998	-14.44001	188979	Kabwe
28.25997	-12.55000	153624	Mufulira
28.22002	-12.81003	404901	Kitwe
25.86001	-17.86001	165480	Livingstone
31.10000	-18.00000	340360	Chitungwiza
9.70805	4.06236	1906000	Douala
-1.92194	52.47692	2285000	Birmingham
-5.92818	54.59425	450406	Belfast
27.14985	38.43810	2587000	İzmir
29.06805	40.20193	1492000	Bursa
36.34366	41.28000	609339	Samsun
32.47306	37.87696	919000	Konya
35.31806	36.99694	1293000	Adana
32.28003	2.78000	146858	Gulu
30.05859	-1.95164	860000	Kigali
-54.23329	3.85001	29210	Cottica
-4.77000	37.88000	321376	Córdoba
7.09640	13.49164	232555	Niamey
5.25993	14.89998	115956	Tahoua
28.60997	44.20266	303399	Constanța
22.15838	65.59664	48638	Luleå
17.31666	62.40005	73389	Sundsvall
27.57495	47.16835	325914	Iași
99.34013	9.15010	157627	Surat Thani
98.98005	18.79997	397211	Chiang Mai
102.10001	15.00003	334984	Nakhon Ratchasima
31.13333	-26.31665	90138	Mbabane
-80.62997	-5.21003	396932	Piura
-71.53196	-16.41805	815000	Arequipa
-78.57000	-9.07000	349846	Chimbote
-74.53500	-8.36891	310750	Pucallpa
-73.25001	-3.75002	458729	Iquitos
-75.20002	-12.08000	412733	Huancayo
-54.61606	-25.51670	320872	Ciudad del Este
-25.66658	37.74830	61526	Ponta Delgada
-8.73000	42.22002	378952	Vigo
-2.92999	43.24998	875552	Bilbao
-16.10001	14.14997	277812	Kaolack
-13.49999	16.15001	21656	Kaédi
22.44001	13.45002	162981	Geneina
39.57806	24.50193	1010000	Medina
36.55497	28.38384	547957	Tabuk
31.58003	4.82998	111975	Juba
31.65599	9.53690	160765	Malakal
32.48002	15.61668	2395159	Omdurman
30.21670	13.18329	393311	Al-Ubayyid
4.26996	52.08004	1406000	The Hague
7.97498	58.14562	63814	Kristiansand
14.51497	46.05529	314807	Ljubljana
17.11698	48.15002	423737	Bratislava
23.68800	70.66128	10000	Hammerfest
51.53297	25.28656	1450000	Doha
67.02305	30.22195	768000	Quetta
68.20678	27.56177	364033	Larkana
17.88329	-29.66673	10438	Springbok
21.23001	-28.46003	71373	Upington
19.43994	-33.64003	127597	Worcester
22.45004	-33.95003	174582	George
33.58001	-16.17003	129316	Tete
40.53235	-12.98305	110643	Pemba
39.29304	-15.13604	388526	Nampula
26.72999	-27.96999	431944	Welkom
33.64000	-25.03998	128805	Xai-Xai
145.38548	-6.08331	39699	Goroka
144.21682	-5.86322	59064	Mt.  Hagen
152.14343	-4.20549	8074	Rabaul
146.99004	-6.73299	131052	Lae
-82.43332	8.43332	110037	David
-1.90997	34.69001	409391	Oujda
-9.23999	32.31998	353476	Safi
19.26631	42.46597	145850	Podgorica
36.88999	-17.88001	188964	Quelimane
27.87002	-32.97004	338627	East London
25.00999	-31.50000	18164	Middelburg
43.61795	43.49811	307866	Nalchik
41.98001	45.05000	363064	Stavropol
177.70000	64.73329	3367	Ugolnye Kopi
20.49734	54.70001	434954	Kaliningrad
28.32994	57.83000	201990	Pskov
34.42998	53.25999	427236	Bryansk
32.04734	54.78269	320991	Smolensk
34.36122	61.78132	265025	Petrozavodsk
35.88999	56.85998	400212	Tver
39.91998	59.20999	294889	Vologda
39.87001	57.61998	606730	Yaroslavl
39.71071	47.23659	1052000	Rostov
39.72997	43.59001	327608	Sochi
39.00004	45.01998	649851	Krasnodar
44.99998	53.18002	512602	Penza
39.71999	54.61996	520173	Ryazan
39.18684	51.66539	844000	Voronezh
58.98001	53.42269	413351	Magnitogorsk
61.43672	55.15694	1091000	Chelyabinsk
64.00998	67.50000	80039	Vorkuta
49.66998	58.59005	457437	Kirov
59.97498	57.92002	381116	Nizhny Tagil
48.05499	46.34866	502533	Astrakhan
55.11001	51.77998	550204	Orenburg
46.02805	51.58194	843000	Saratov
48.41001	54.32998	640680	Ulyanovsk
73.39801	54.99193	1135000	Omsk
65.52999	57.14001	519119	Tyumen
87.11498	53.75001	539616	Novokuznetsk
86.08998	55.33997	477090	Kemerovo
45.69870	43.31869	226100	Grozny
80.67000	7.27998	111701	Kandy
79.94999	6.90000	115826	Sri Jayawardenepura Kotte
127.42308	36.33749	1468000	Daejeon
126.90849	35.17291	1440000	Gwangju
129.00810	35.09700	3480000	Busan
122.07809	6.92192	773000	Zamboanga
120.59361	18.19885	207048	Laoag
120.56994	16.42999	447824	Baguio
125.17473	6.11083	950530	General Santos
102.63331	57.98996	100271	Ust-Ilimsk
103.92000	52.56001	243158	Angarsk
91.44500	53.70369	167289	Abakan
88.22499	69.34002	165873	Norilsk
102.46500	72.04114	3205	Khatanga
94.38307	51.70670	108240	Kyzyl
107.62500	51.82499	360278	Ulan-Ude
127.53334	50.26661	221296	Blagoveshchensk
116.91662	52.98334	3372	Bukachacha
135.51725	44.53722	8123	Dalnegorsk
162.33360	69.65101	0	Ambarchik
134.63503	67.65599	4266	Batagay
147.89458	70.61831	2506	Chokurdakh
143.19998	64.56659	9148	Ust-Nera
114.94703	60.72527	25589	Lensk
125.38939	58.60300	24426	Aldan
113.96135	62.54002	40308	Mirny
123.37112	66.76971	3237	Zhigansk
143.21704	59.38300	5570	Okhotsk
135.12001	48.45499	579000	Khabarovsk
142.94785	53.57390	26560	Okha
142.74001	46.96497	176484	Yuzhno Sakhalinsk
-115.48196	32.65193	885000	Mexicali
-110.32000	24.13996	189767	La Paz
-103.42195	25.57200	1144000	Torreón
-107.38191	24.83194	809000	Culiacán
-110.94500	31.30500	178097	Nogales
-110.95406	29.09888	595811	Hermosillo
-110.88999	27.93001	103449	Guaymas
-101.00194	22.17192	992000	San Luis Potosí
-97.50000	25.87998	538785	Matamoros
-99.55001	27.49999	349550	Nuevo Laredo
-103.72001	19.22997	223287	Colima
-90.49999	19.82999	205212	Campeche
-96.66995	17.08269	530728	Oaxaca
-101.70198	21.15193	1488000	León
13.15807	11.85191	896000	Maiduguri
7.00805	4.81195	1020000	Port Harcourt
8.53001	7.72998	292645	Makurdi
3.92804	7.38197	2628000	Ibadan
4.23804	8.13195	951000	Ogbomosho
5.76000	5.51996	830106	Warri
7.43805	10.52196	1442000	Kaduna
18.64004	54.35997	740000	Gdańsk
19.95807	50.06193	756000	Kraków
104.44028	43.58355	15093	Dalandzadgad
127.43082	39.16049	329207	Wonsan
124.42128	40.08586	288112	Sinuiju
91.63326	48.01664	30500	Dund-Us
114.50602	48.06659	33376	Choibalsan
15.15943	-26.64800	15137	Lüderitz
14.50531	-22.95753	52058	Walvis Bay
32.93002	-2.52001	493944	Mwanza
37.66002	-6.82001	250902	Morogoro
35.75000	-6.18331	218269	Dodoma
36.67000	-3.36002	341136	Arusha
7.46698	46.91668	275329	Bern
13.02306	55.59942	269349	Malmö
-13.20001	27.14998	188084	Laayoune
127.36302	0.79296	187521	Ternate
128.20002	-3.71669	355596	Ambon
118.76664	-8.44999	106101	Raba
140.69998	-2.53299	169341	Jayapura
11.25000	43.78000	1500000	Florence
15.08000	37.49997	674542	Catania
21.16598	42.66671	465186	Pristina
37.64002	0.05998	47226	Meru
35.26998	0.52001	353381	Eldoret
95.32001	5.54998	513698	Banda Aceh
100.32937	5.41361	2500000	George Town
100.45003	38.92999	230728	Zhangye
102.64101	37.92801	493092	Wuwei
94.66201	40.14268	140094	Dunhuang
105.91804	34.60196	1225000	Tianshui
98.26660	36.16659	100	Dulan
94.88335	36.41663	107092	Golmud
110.14806	22.63192	1127000	Yulin
106.61333	23.89972	175282	Bose
111.32002	23.48003	442315	Wuzhou
104.83139	26.59638	1221000	Liupanshui
118.57804	24.90196	1463000	Quanzhou
117.27807	31.85198	2035000	Hefei
116.97694	33.63806	1964000	Suzhou
110.37808	21.20193	1590000	Zhanjiang
113.57998	24.79997	720266	Shaoguan
116.83002	-1.25002	445905	Balikpapan
110.33000	1.52997	570407	Kuching
49.31153	-12.27650	82937	Antsiranana
47.08326	-21.43333	184184	Fianarantsoa
46.34502	-15.67001	154657	Mahajanga
43.68998	-23.35683	115319	Toliara
110.82501	-7.56498	555308	Surakarta
105.26805	-5.42807	865000	Bandar Lampung
107.65001	-2.75003	62374	Tanjung Pandan
112.60807	-7.97805	805000	Malang
123.58299	-10.17867	282396	Kupang
119.63331	-4.01667	87776	Parepare
-78.99999	-2.89999	286878	Cuenca
-90.35000	-0.53331	11262	Santa Cruz
-83.03334	10.00002	85001	Limón
-75.82133	20.02502	555865	Santiago de Cuba
-70.67001	19.50001	1550753	Santiago
-75.52000	5.05999	375848	Manizales
-77.28111	1.21361	382236	Pasto
-74.80191	10.96193	1798000	Barranquilla
-61.38701	15.30102	23336	Roseau
18.26001	0.04004	274996	Mbandaka
16.09002	8.54998	156705	Moundou
32.54994	30.00498	508335	Suez
32.29001	31.25999	623864	Bur Said
30.83997	29.31003	316772	El Faiyum
32.89891	24.08751	313442	Aswan
31.17995	27.18998	420585	Asyut
25.22000	0.52001	578470	Kisangani
42.72999	13.01002	105496	Assab
43.14800	11.59501	923000	Djibouti
13.75000	51.04997	617515	Dresden
88.88335	29.25001	80000	Xigaze
77.25000	38.42614	851374	Shache
81.35001	43.90002	542507	Yining
88.11663	47.86660	142000	Altay
101.69504	2.93251	67964	Putrajaya
106.76903	39.23328	136570	Shizuishan
109.73329	38.28331	155960	Yulin
109.02000	32.67998	1100000	Ankang
111.21000	35.61998	102400	Houma
113.09807	29.38200	826000	Yueyang
112.58807	26.88197	1016000	Hengyang
104.68999	31.46483	1396000	Mianyang
102.30000	27.88002	379993	Xichang
99.15001	25.11998	1000000	Baoshan
103.15008	23.37998	149105	Gejiu
114.47803	38.05196	2417000	Shijiazhuang
114.47803	36.58192	1631000	Handan
122.93809	41.11697	1639000	Anshan
121.62789	38.92478	3167000	Dalian
120.32806	36.09193	2866000	Qingdao
118.32803	35.08194	2082000	Linyi
119.06597	33.58517	1264000	Huaiyin
120.64815	28.02193	2350000	Wenzhou
121.54809	29.88192	1923000	Ningbo
130.40807	33.59696	2792000	Fukuoka
131.41838	31.91824	324384	Miyazaki
127.67297	26.20717	905238	Naha
133.53752	33.56243	335570	Kōchi
123.07005	0.54998	365497	Gorontalo
122.26805	43.62190	884000	Tongliao
111.65805	40.82192	1726000	Hohhot
118.94804	42.27196	1277000	Chifeng
122.08003	46.08002	241894	Ulan Hot
119.70002	49.19998	231171	Hailar
130.34807	46.83197	1020000	Jiamusi
126.52860	48.24626	154936	Bei'an
124.99806	46.58190	1693000	Daqing
130.96809	45.30191	965000	Jixi
136.91305	35.15694	3230000	Nagoya
138.17001	36.65000	594311	Nagano
144.37469	42.97496	198566	Kushiro
140.73998	41.79498	302984	Hakodate
135.74805	35.03194	1805000	Kyoto
140.86967	38.26844	2250000	Sendai
139.85006	38.92004	100446	Sakata
17.37996	-3.30999	118211	Bandundu
22.39807	-5.88810	765000	Kananga
26.66002	-4.45003	63000	Kasongo
23.59805	-6.14808	1295000	Mbuji-Mayi
29.20002	-5.93330	206257	Kalemie
29.28001	0.13000	286403	Butembo
29.22179	-1.67880	144124	Goma
34.01998	-11.45999	110201	Mzuzu
34.98995	-15.79001	584877	Blantyre
-91.52001	14.82996	575263	Quetzaltenango
-16.59170	13.45388	43094	Banjul
77.31472	28.43528	1394000	Faridabad
74.82831	34.06947	1140000	Srinagar
80.62806	16.52191	1137000	Vijayawada
76.92519	8.51552	954000	Thiruvananthapuram
76.22197	10.01695	1519000	Kochi
85.88994	20.47000	580000	Cuttack
75.12307	15.36192	890000	Hubballi
74.84999	12.90002	776632	Mangaluru
76.65807	12.31193	887000	Mysuru
76.82000	17.34996	483615	Kalaburagi
74.22001	16.70000	750000	Kolhapur
77.30834	19.19726	623708	Nanded
77.01002	20.70999	503502	Akola
91.76805	26.16196	983000	Guwahati
13.28001	-4.18002	62521	Kayes
13.58329	-1.63330	42967	Franceville
-0.59696	44.85196	803000	Bordeaux
5.37306	43.29192	1400000	Marseille
0.10497	49.50497	242124	Le Havre
-0.05001	16.26659	116967	Gao
-72.07000	-45.57000	45787	Coihaique
-70.28998	-18.50002	185999	Arica
-70.32995	-27.37178	129280	Copiapó
-71.24998	-29.90000	154521	La Serena
-72.34692	-37.47974	145239	Los Angeles
-45.41662	61.16659	145	Narsarsuaq
-53.66661	66.95001	5227	Sisimiut
-56.14167	72.70937	1129	Upernavik
-69.22964	77.46655	616	Qaanaaq
-17.05602	20.90000	86738	Nouadhibou
-11.44001	14.44998	77207	Kayes
-9.61666	16.66659	1423	Ayoun el Atrous
-6.26002	13.43999	122952	Ségou
21.43346	42.00001	494087	Skopje
23.28999	24.19998	24132	Al Jawf
15.80001	26.36664	500	Tmassa
15.10000	32.37997	386120	Misrata
12.07915	32.93441	180310	Zuwara
44.39227	35.47224	601433	Kirkuk
43.14306	36.34695	1316000	Mosul
44.33537	32.00033	665552	Najaf
37.38329	11.60005	206748	Bahir Dar
39.46998	13.49999	95856	Mekele
41.86002	9.59000	252279	Dire Dawa
25.71594	66.50003	34781	Rovaniemi
21.60001	63.09998	57014	Vaasa
23.75001	61.50001	259279	Tampere
57.16999	50.28002	262457	Aqtobe
63.13004	52.95270	124000	Rudniy
65.46499	44.80002	300000	Qyzylorda
51.92002	47.11269	182753	Atyrau
75.31994	51.72998	127868	Ekibastuz
76.95002	52.30000	329002	Pavlodar
80.27504	50.43500	311353	Semey
82.61495	49.99003	319067	Oskemen
54.37000	31.92005	477905	Yazd
48.71807	31.28193	996000	Ahvaz
47.81161	30.51547	870000	Basra
56.27213	27.20406	461499	Bandar-e-Abbas
48.51501	34.79603	528256	Hamadan
46.29930	38.08824	1413000	Tabriz
75.87031	30.92971	1649000	Ludhiana
75.83305	25.18194	827000	Kota
73.01483	26.29371	995000	Jodhpur
69.59502	42.32001	465392	Shymkent
71.36499	42.89998	358153	Taraz
80.91305	26.85699	2695000	Lucknow
77.55004	29.97002	484873	Saharanpur
85.32808	23.37195	1044000	Ranchi
86.98000	25.23000	361548	Bhagalpur
81.63306	21.23694	875000	Raipur
79.95311	23.17700	1285000	Jabalpur
75.86308	22.71701	2026000	Indore
79.83000	11.93499	227411	Puducherry
78.17813	11.67194	873000	Salem
78.68751	10.80054	951000	Tiruchirappalli
11.88004	-4.77001	659084	Pointe-Noire
-9.31001	10.39000	114009	Kankan
-8.82999	7.76000	168121	Nzérékoré
-5.03001	7.68998	567481	Bouaké
55.44808	-20.87889	190047	St.-Denis
-67.80001	-9.96659	257642	Rio Branco
-44.26794	-2.51404	1038000	São Luís
-63.90001	-8.75002	306180	Porto Velho
-49.08200	-12.47000	10232	Alvorada
-57.65001	-19.01601	96520	Corumbá
-43.91695	-19.91308	5575000	Belo Horizonte
-43.86002	-16.72003	332379	Montes Claros
-48.27998	-18.90000	563536	Uberlândia
-55.45058	-10.81729	27139	Colíder
-55.90998	-9.90003	40466	Alta Floresta
-56.08693	-15.56766	806000	Cuiabá
-52.33002	-31.75001	320674	Pelotas
-51.17004	-29.17999	381270	Caxias do Sul
-50.16005	-25.09001	292177	Ponta Grossa
-42.78196	-5.09305	907000	Teresina
-35.73192	-9.61805	1186000	Maceió
-40.84000	-14.85001	308204	Vitória da Conquista
-45.00000	-12.14000	158292	Barreiras
-40.29023	-20.33805	1209091	Vila Velha
-35.24195	-5.77808	1088000	Natal
-97.86662	55.74994	13727	Thompson
-99.94998	49.83328	28418	Brandon
-111.88334	60.00002	518	Fort Smith
-111.38331	56.73332	21863	Fort McMurray
-117.28329	56.23332	5340	Peace River
-120.83328	56.24999	18776	Fort St. John
-68.50019	63.75046	6124	Iqaluit
-105.03332	69.11696	1477	Cambridge Bay
-115.12535	67.79866	1302	Kugluktuk
-90.70008	63.33829	374	Chesterfield Inlet
-94.05861	61.10859	1868	Arviat
-93.53332	69.53331	774	Taloyoak
-81.79359	69.25653	1612	Igloolik
-139.41667	64.06664	1319	Dawson City
-81.33331	48.46659	34974	Timmins
-79.44999	46.30000	50170	North Bay
-77.76583	55.28149	1243	Kuujjuarapik
-68.40000	58.10001	1273	Kuujjuaq
-60.17998	46.06611	37538	Sydney
-66.91587	52.94143	10313	Labrador City
11.15001	2.90001	87875	Ebolowa
20.66720	5.76196	62098	Bambari
12.33500	45.43866	270816	Venice
-72.30002	-50.33332	8000	El Calafate
-68.51999	-31.55003	447048	San Juan
-65.09999	-43.30001	26335	Rawson
-68.05999	-38.95004	242092	Neuquén
-64.89998	-14.83337	84259	Trinidad
-64.29999	-36.62000	111424	Santa Rosa
-71.30000	-41.14996	95394	Bariloche
-65.41664	-24.78336	512686	Salta
-65.21857	-26.81405	830000	Tucumán
-58.18282	-26.17283	221383	Formosa
-60.69000	-31.62387	489505	Santa Fe
-60.66825	-32.94918	1203000	Rosario
-47.05589	-22.90790	2791000	Campinas
-47.46998	-23.49000	563281	Sorocaba
-47.82999	-21.17004	551267	Ribeirão Preto
-40.50997	-9.38001	260985	Petrolina
10.15002	5.95998	445299	Bamenda
13.39002	9.30001	436899	Garoua
62.16999	34.33001	481009	Herat
67.10003	36.69999	458151	Mazar-i-Sharif
103.20005	13.10001	154773	Battambang
103.85003	13.36664	109398	Siem Reap
16.34003	-9.54000	125856	Malanje
13.40723	-12.57826	151226	Benguela
13.49002	-14.91001	125632	Lubango
12.16002	-15.19004	132900	Moçâmedes
-64.74999	-21.51668	159269	Tarija
-59.61653	13.10200	191152	Bridgetown
7.75998	36.92001	503524	Annaba
2.62004	9.34001	188853	Parakou
2.61663	6.48331	300000	Porto-Novo
6.59995	36.35999	605179	Constantine
23.69999	52.09998	300715	Brest
89.55805	22.84193	1553000	Khulna
27.50002	-21.17004	89979	Francistown
26.82001	-23.10000	50744	Mahalapye
26.71004	-22.39002	48573	Serowe
132.26659	-14.46663	10141	Katherine
115.34866	-33.65641	10214	Busselton
115.74706	-32.52348	73356	Mandurah
122.23077	-17.96177	13218	Broome
121.46002	-30.73540	36852	Kalgoorlie
117.89160	-35.01695	26445	Albany
118.60603	-20.31040	14288	Port Hedland
116.87001	-20.73038	16796	Karratha
114.59997	-28.76663	27258	Geraldton
146.04002	-34.29001	15455	Griffith
149.09998	-33.28000	39329	Orange
148.59733	-32.25996	31574	Dubbo
151.66748	-30.51231	22673	Armidale
141.43311	-31.94995	17395	Broken Hill
135.86658	-34.73324	13630	Port Lincoln
137.56141	-33.02503	22559	Whyalla
141.59000	-38.34000	11808	Portland
144.28002	-36.75999	81657	Bendigo
146.30000	-36.36002	14022	Wangaratta
142.65020	-25.43324	158	Windorah
139.49003	-20.72386	33200	Mount Isa
150.52000	-23.36391	65850	Rockhampton
145.76333	-16.88784	154225	Cairns
153.44825	-28.08150	527660	Gold Coast
146.33110	-41.19267	19317	Devonport
-4.28998	11.17998	360106	Bobo Dioulasso
88.60307	24.37693	810000	Rajshahi
96.08308	21.97193	1300000	Mandalay
92.88000	20.14000	179032	Sittwe
29.36001	-3.37609	331700	Bujumbura
-170.70665	-14.27661	12576	Pago Pago
-61.22024	13.15576	49485	Kingstown
-60.99287	14.00788	37963	Castries
-62.71701	17.30203	21887	Basseterre
-15.43000	28.09998	378495	Las Palmas
45.01642	10.43555	242344	Berbera
57.49999	-20.16664	595491	Port Louis
34.44502	31.53000	505700	Gaza City
-61.74164	12.05263	33734	Saint George's
-149.56667	-17.53336	131695	Papeete
50.58305	26.23614	563920	Manama
-78.70001	26.53328	25383	Freeport
-61.85003	17.11804	35499	Saint John's
119.58333	23.56667	56435	Magong
120.68167	24.15208	2629323	Taichung
176.92645	-39.49000	57800	Napier
174.88497	-36.99997	375600	Manukau
175.28958	-37.77827	148200	Hamilton
173.95496	-41.51352	30300	Blenheim
170.49102	-45.88542	117700	Dunedin
77.57229	34.16156	30870	Leh
80.52432	16.53366	5800000	Amaravati
75.76804	11.25238	953000	Kozhikode
85.82541	20.27237	844000	Bhubaneswar
86.19557	22.78948	1300000	Jamshedpur
-56.18682	-34.90538	1513000	Montevideo
-112.03529	46.59275	38725	Helena
-100.78332	46.80832	63871	Bismarck
-116.22749	43.60859	338071	Boise
-121.88818	37.33094	1668000	San Jose
-121.47198	38.57697	1604000	Sacramento
-115.15136	36.16476	1823000	Las Vegas
-105.93724	35.68693	92681	Santa Fe
-122.68194	45.52197	1875000	Portland
-111.93200	40.77696	966000	Salt Lake City
-104.81971	41.14001	72927	Cheyenne
-93.61998	41.57998	380655	Des Moines
-96.00999	41.24000	877110	Omaha
-97.52063	35.47199	788000	Oklahoma City
-100.35055	44.36834	13879	Pierre
-98.49269	29.41985	1473000	San Antonio
-72.24997	7.77000	438798	San Cristóbal
-67.98197	10.23193	1770000	Valencia
-90.18500	32.29881	250902	Jackson
-78.64704	35.77270	1163515	Raleigh
-81.69694	41.47193	1890000	Cleveland
-84.45887	39.16383	1636000	Cincinnati
-86.78193	36.17192	877000	Nashville
-90.02878	35.14470	1081000	Memphis
-76.28001	36.84996	1047869	Norfolk
-87.91667	43.02961	1388000	Milwaukee
-78.88195	42.88192	1016000	Buffalo
-80.00193	40.43194	1838000	Pittsburgh
-62.61999	8.37002	746535	Ciudad Guayana
1.22081	6.13388	1452000	Lomé
10.17968	36.80278	2412500	Tunis
-152.40699	57.79000	9461	Kodiak
-162.71509	55.20000	200	Cold Bay
-161.75580	60.79330	6228	Bethel
-166.80802	68.34773	461	Point Hope
-156.78858	71.29057	4336	Utqiaġvik
-165.40637	64.50610	3485	Nome
-146.34829	61.13600	4036	Valdez
-134.40071	58.30339	30711	Juneau
-147.71066	64.83698	56993	Fairbanks
-148.66936	70.29218	2500	Prudhoe Bay
33.52439	44.60392	379200	Sevastopol
54.36659	24.46668	603492	Abu Dhabi
58.38330	37.95000	727700	Ashgabat
66.94500	39.67002	708000	Samarkand
28.28138	-15.41470	1328000	Lusaka
31.04276	-17.81584	1572000	Harare
28.58000	-20.17000	699385	Bulawayo
125.57946	-8.55939	234331	Dili
168.31664	-17.73335	44040	Port Vila
-87.21948	14.10399	946000	Tegucigalpa
-58.16703	6.80197	264350	Georgetown
-21.93655	64.14346	166212	Reykjavík
-72.33798	18.54297	1998000	Port-au-Prince
-4.23910	55.86227	1160000	Glasgow
32.58138	0.31861	1420000	Kampala
45.00949	12.77972	1000000	Aden
-55.16703	5.83503	254169	Paramaribo
-5.98001	37.40501	1212045	Seville
8.98332	13.80000	230358	Zinder
2.11471	13.51865	915000	Niamey
37.21643	19.61579	489725	Port Sudan
68.77388	38.56003	1086244	Dushanbe
-71.97216	-13.52503	361182	Cusco
-70.25001	-18.00000	280098	Tacna
-79.01997	-8.12003	765171	Trujillo
-75.72549	-14.06799	279420	Ica
-57.62583	-25.29067	1870000	Asunción
-86.27044	12.15496	920000	Managua
-13.23616	8.47196	827000	Freetown
7.98281	16.99587	117770	Agadez
24.88999	12.05997	392373	Nyala
27.98996	7.69998	127384	Wau
30.48330	19.16659	26404	Dongola
36.39002	15.45997	401477	Kassala
18.99203	69.63508	52436	Tromsø
10.41667	63.41666	147139	Trondheim
5.32452	60.39100	213585	Bergen
73.08063	33.68937	780000	Islamabad
71.45306	30.20192	1522000	Multan
68.37304	25.38193	1459000	Hyderabad
71.53306	34.00696	1303000	Peshawar
85.31470	27.71864	895000	Kathmandu
40.71502	-14.51861	224795	Nacala
26.22991	-29.11999	463064	Bloemfontein
28.22748	-25.70498	1338000	Pretoria
147.19250	-9.46471	283733	Port Moresby
159.94977	-9.43799	76328	Honiara
-79.53498	8.96996	1281000	Panama City
-5.00232	34.05654	1002000	Fez
-6.83641	34.02531	1705000	Rabat
-8.00193	31.63194	872000	Marrakesh
28.85771	47.00502	688134	Chișinău
34.87001	-19.82005	530604	Beira
25.59808	-33.96809	1021000	Port Elizabeth
32.58722	-25.95333	1446000	Maputo
84.97501	56.49499	535479	Tomsk
177.47500	64.73699	10332	Anadyr
33.10004	68.96999	319263	Murmansk
40.54501	64.57496	356051	Archangel
43.99815	56.33495	1278000	Nizhny Novgorod
44.49802	48.71196	984000	Volgograd
56.03809	54.79192	1018000	Ufa
60.59801	56.85198	1313000	Yekaterinburg
50.14935	53.19695	1137000	Samara
49.12440	55.75189	1115000	Kazan
73.42502	61.25994	400000	Surgut
83.74501	53.35500	599579	Barnaul
82.95810	55.03191	1389000	Novosibirsk
45.36473	2.06863	1100000	Mogadishu
58.37831	23.58518	734697	Muscat
79.85775	6.93197	217000	Colombo
123.89813	10.32192	815000	Cebu
122.54502	10.70504	387681	Iloilo
125.62805	7.11196	1402000	Davao
101.61503	56.15700	246348	Bratsk
104.28387	52.28460	586695	Irkutsk
92.86405	56.01593	925000	Krasnoyarsk
80.54510	73.50697	1113	Dikson
113.46500	52.05503	308500	Chita
131.91003	43.13002	587022	Vladivostok
136.06662	71.43333	400	Nizhneyansk
129.73502	62.03496	235600	Yakutsk
128.83497	71.62689	5700	Tiksi
150.81001	59.57498	95282	Magadan
-117.08194	32.50196	1553000	Tijuana
-106.08693	28.64693	793000	Chihuahua
-106.42000	23.22110	368204	Mazatlán
-97.87001	22.30002	859419	Tampico
-99.91598	16.84999	715584	Acapulco
-96.15998	19.17734	578963	Veracruz
-93.15001	16.75000	481128	Tuxtla Gutiérrez
-86.83001	21.16996	542043	Cancún
-89.61858	20.96859	965000	Mérida
7.50000	6.45003	688862	Enugu
5.24003	13.06002	732178	Sokoto
56.24805	58.00191	997000	Perm
104.11834	49.05330	79647	Erdenet
106.91467	47.91862	885000	Ulaanbaatar
33.43004	-8.89001	291649	Mbeya
17.08355	-22.57001	268132	Windhoek
18.11656	-19.56662	24099	Grootfontein
39.20003	-6.16000	403658	Zanzibar
-0.40196	39.48696	808000	Valencia
159.95002	59.08400	3671	Palana
158.62302	53.06199	187282	Petropavlovsk-Kamchatsky
7.48951	9.05462	1576000	Abuja
100.35807	-0.95806	855000	Padang
-15.59836	11.86502	403339	Bissau
13.34808	38.12697	863000	Palermo
35.93135	31.95197	1060000	Amman
25.31664	54.68337	542366	Vilnius
24.09997	56.95002	742572	Riga
74.58326	42.87503	837000	Bishkek
98.29998	39.82001	148279	Jiayuguan
101.76806	36.62194	1048000	Xining
110.27808	25.28194	987000	Guilin
116.97804	32.63193	1451000	Huainan
116.66808	23.37195	1601000	Shantou
117.63302	3.30002	193069	Tarakan
39.68797	-4.03808	882000	Mombasa
27.48327	-29.31667	361324	Maseru
47.51468	-18.91469	1697000	Antananarivo
110.41807	-6.96467	1396000	Semarang
104.74808	-2.97809	1749000	Palembang
114.58008	-3.32999	603576	Bandjarmasin
119.43008	-5.13801	1262000	Makassar
4.82808	45.77195	1423000	Lyon
-78.50200	-0.21304	1701000	Quito
-84.07881	9.93037	1284000	San José
-89.21558	13.70328	1433000	San Salvador
-76.76743	17.97708	937700	Kingston
-75.51634	10.40168	887000	Cartagena
-70.17361	1.19831	5917	Mitú
22.45996	2.18998	160539	Bumba
15.04720	12.11504	989000	N'Djamena
20.82998	13.83999	158317	Abéché
8.78328	3.75001	155963	Malabo
32.65004	25.70002	609248	Luxor
38.93332	15.33334	620802	Asmara
16.00000	45.80001	722526	Zagreb
24.72804	59.43388	394024	Tallinn
91.10001	29.64502	219599	Lhasa
93.51501	42.82698	580000	Hami
79.92695	37.09971	408894	Hotan
75.96993	39.47634	506640	Kashgar
106.27109	38.46992	991000	Yinchuan
113.84810	27.62195	961000	Pingxiang
129.88503	32.76499	435455	Nagasaki
123.98805	47.34692	1641000	Qiqihar
18.85000	-5.03004	637736	Kikwit
13.45002	-5.81661	245862	Matadi
25.47244	-10.71672	418000	Kolwezi
27.47807	-11.67808	1352000	Lubumbashi
33.78330	-13.98330	646750	Lilongwe
-90.52891	14.62308	1024000	Guatemala City
-52.33002	4.93299	61550	Cayenne
9.45796	0.38539	578156	Libreville
83.21985	17.68290	1529000	Vishakhapatnam
178.44171	-18.13302	175399	Suva
8.78002	-0.72002	116836	Port-Gentil
-3.01660	16.76658	68872	Timbuktu
-70.94000	-53.16499	117430	Punta Arenas
-70.12997	-20.24999	227499	Iquique
-70.40000	-23.64999	309832	Antofagasta
-71.61703	-33.04774	854000	Valparaíso
-73.23311	-39.82165	159599	Valdivia
-73.05002	-36.83001	889725	Concepción
-72.92998	-41.46999	174629	Puerto Montt
-51.73266	64.19828	14798	Nuuk
-15.97534	18.08643	742144	Nouakchott
-8.00198	12.65196	1494000	Bamako
-13.04999	20.51664	44265	Atar
-4.54999	13.89999	32944	Djenné
14.43332	27.03327	100249	Sabha
20.06478	32.11868	1180000	Banghazi
22.88305	40.69805	828000	Thessaloniki
35.50776	33.87392	1846000	Beirut
44.78885	41.72696	1100000	Tbilisi
37.46003	12.61004	156230	Gondar
71.42777	51.18113	345604	Nur-Sultan
73.11501	49.88498	451800	Qaraghandy
76.91309	43.32694	1209000	Almaty
51.69809	32.70195	1628000	Isfahan
52.56806	29.63191	1240000	Shiraz
74.86805	31.64194	1212000	Amritsar
82.99809	25.33194	1352000	Varanasi
86.98139	23.68528	1328000	Asansol
81.37221	21.21126	1097000	Bhilai
77.40805	23.25193	1727000	Bhopal
78.11808	9.92197	1294000	Madurai
76.94808	11.00191	1696000	Coimbatore
102.59998	17.96669	754000	Vientiane
15.28274	-4.25724	1355000	Brazzaville
-13.68218	9.53347	1494000	Conakry
-5.27550	6.81838	206499	Yamoussoukro
-72.66997	-7.62999	56862	Cruzeiro do Sul
-69.95526	-4.20121	59575	Leticia
-60.00196	-3.09809	1753000	Manaus
-43.35003	-4.83300	134640	Caxias
-54.69998	-2.43325	230428	Santarém
-49.11598	-5.34997	166182	Marabá
-60.11660	-12.71660	63231	Vilhena
-61.96700	-10.83331	65016	Ji-Paraná
-54.61857	-20.44809	778000	Campo Grande
-48.52197	-27.57804	1023000	Florianópolis
-38.97001	-12.25002	481911	Feira de Santana
-97.16599	49.88299	632063	Winnipeg
-94.16599	58.76599	1000	Churchill
-104.61701	50.45003	176183	Regina
-106.66998	52.17003	198958	Saskatoon
-114.08194	51.08494	1110000	Calgary
-130.32999	54.31667	14708	Prince Rupert
-123.35000	48.43328	289625	Victoria
-85.16662	73.03331	604	Arctic Bay
-94.90001	74.68333	250	Resolute
-86.28293	66.52947	1000	Naujaat
-114.39698	62.44201	19234	Yellowknife
-128.63332	66.26661	597	Fort Good Hope
-135.04998	60.71672	23276	Whitehorse
-60.66600	2.81609	235150	Boa Vista
-51.05002	0.03301	499166	Macapá
-75.70196	45.41864	1145000	Ottawa
-87.64998	55.98334	125	Fort Severn
-89.27497	48.44615	99334	Thunder Bay
-71.24561	46.83997	624177	Québec
-63.60000	44.65002	359111	Halifax
-52.68101	47.58499	131469	St. John's
-61.68605	56.54735	1151	Nain
-63.13132	46.24928	42402	Charlottetown
20.65304	8.40914	11764	N'Délé
20.46605	44.82059	1099000	Belgrade
26.50003	5.39999	12887	Obo
114.93328	4.88333	296500	Bandar Seri Begawan
-65.89997	-47.75002	3305	Puerto Deseado
-69.21659	-51.63330	85700	Río Gallegos
-67.50000	-45.87003	140850	Comodoro Rivadavia
-68.81856	-32.88138	893000	Mendoza
-65.25952	-19.04097	224838	Sucre
-66.10001	-10.98301	74014	Riberalta
-62.26502	-38.74003	281536	Bahía Blanca
-57.57998	-38.00002	555897	Mar del Plata
-64.18424	-31.39801	1452000	Córdoba
-55.88511	-27.35783	357119	Posadas
-88.76707	17.25203	15220	Belmopan
18.55829	4.36664	831925	Bangui
14.32470	10.59557	319941	Maroua
11.51470	3.86865	1611000	Yaoundé
19.81888	41.32754	895350	Tirana
44.51161	40.18310	1102000	Yerevan
49.86027	40.39722	2122300	Baku
65.69495	31.61002	715542	Kandahar
104.91469	11.55198	1466000	Phnom Penh
17.69999	-14.66661	13030	Menongue
15.75806	-12.74804	1100000	Huambo
-68.15193	-16.49603	1590000	La Paz
-63.22794	-17.75197	2102998	Santa Cruz
-0.62192	35.71195	798000	Oran
2.40435	6.36298	762000	Cotonou
5.52280	22.78500	76000	Tamanrasset
3.67000	32.48999	125480	Ghardaia
23.31471	42.68530	1185000	Sofia
27.56468	53.90192	1805000	Minsk
89.63901	27.47299	98676	Thimphu
25.91195	-24.64631	208411	Gaborone
130.85004	-12.42535	93080	Darwin
133.88003	-23.70100	27710	Alice Springs
149.12903	-35.28303	327700	Canberra
151.77025	-32.92951	540796	Newcastle
138.59806	-34.93304	1145000	Adelaide
146.77000	-19.24995	138954	Townsville
153.03315	-27.45309	1860000	Brisbane
147.29503	-42.85001	80870	Hobart
-1.52667	12.37226	1149000	Ouagadougou
18.38300	43.85002	696731	Sarajevo
96.11667	19.76850	930000	Naypyidaw
-66.12998	18.44002	2478905	San Juan
-57.84997	-51.70001	2213	Stanley
-64.78394	32.29419	52320	Hamilton
-175.22056	-21.13851	42620	Nuku'alofa
44.06531	9.56002	477876	Hargeisa
55.44999	-4.61663	33576	Victoria
6.72965	0.33747	88219	São Tomé
-171.76860	-13.83572	61916	Apia
14.51471	35.89973	368250	Valletta
73.50890	4.17204	112927	Malé
35.20663	31.77841	1029300	Jerusalem
-23.51669	14.91670	113364	Praia
-77.35004	25.08339	227940	Nassau
33.36664	35.16668	224300	Nicosia
120.26660	22.63331	2769072	Kaohsiung
174.77720	-41.29207	393400	Wellington
172.63002	-43.53502	363200	Christchurch
114.06115	22.54810	7581000	Shenzhen
117.99646	36.82137	3061000	Zibo
-93.25373	44.98192	2616000	Minneapolis
-157.85830	21.30343	786000	Honolulu
-122.31532	47.60042	3074000	Seattle
-112.06736	33.44832	3551000	Phoenix
-117.15088	32.71891	2916000	San Diego
-90.24193	38.63696	2199000	St. Louis
-90.08837	29.96891	785000	New Orleans
-96.79469	32.77196	4798000	Dallas
-71.66192	10.73192	2072000	Maracaibo
-71.07196	42.33191	4467000	Boston
-82.46057	27.94893	2314000	Tampa
-75.17984	39.94594	5492000	Philadelphia
-83.05133	42.33356	4101000	Detroit
-149.88745	61.21400	260283	Anchorage
105.84807	21.03527	4378000	Hanoi
106.70298	10.76212	5314000	Ho Chi Minh City
32.86245	39.92918	3716000	Ankara
19.08138	47.50195	1679000	Budapest
44.20465	15.35668	2008000	Sanaa
2.18142	41.38524	4920000	Barcelona
26.09800	44.43532	1942000	Bucharest
37.16807	36.23192	2738000	Aleppo
36.29805	33.50198	2466000	Damascus
8.54806	47.38193	1108000	Zürich
-9.14681	38.72467	2812000	Lisbon
32.53223	15.59002	4754000	Khartoum
39.21725	21.51883	3012000	Jeddah
39.81809	21.43197	1385000	Makkah
10.74803	59.91864	835000	Oslo
74.34808	31.56192	6577000	Lahore
66.98806	24.87194	12130000	Karachi
31.01094	-29.86066	2729000	Durban
30.31407	59.94096	4553000	St.  Petersburg
-103.33198	20.67196	4198000	Guadalajara
-98.20374	19.03259	2195000	Puebla
8.51809	12.00192	3140000	Kano
21.00535	52.23087	1707000	Warsaw
125.75275	39.02139	3300000	Pyongyang
39.26640	-6.79807	2930000	Dar es Salaam
98.64809	3.58192	2115000	Medan
-6.25698	53.34673	1059000	Dublin
-10.79966	6.31458	1041000	Monrovia
14.24307	40.84197	2250000	Naples
9.20306	45.47192	2945000	Milan
101.68870	3.13980	1448000	Kuala Lumpur
103.79005	36.05797	2561000	Lanzhou
108.31810	22.82193	2167000	Nanning
106.71809	26.58199	3662000	Guiyang
106.59304	29.56692	6461000	Chongqing
119.29810	26.08194	2606000	Fuzhou
113.26179	23.12472	8829000	Guangzhou
113.75047	23.02154	4528000	Dongguan
107.56807	-6.94808	2394000	Bandung
112.74889	-7.24729	2845000	Surabaya
-79.92199	-2.21809	2514000	Guayaquil
-75.57696	6.27695	3297000	Medellín
-76.50191	3.40191	2254000	Cali
-82.36613	23.13390	2174000	Havana
29.94805	31.20197	4165000	Alexandria
8.67502	50.09998	2895000	Frankfurt
9.99805	53.55197	1757000	Hamburg
11.57305	48.13189	1275000	Munich
14.42294	50.08697	1162000	Prague
47.97635	29.37166	2063000	Kuwait City
108.89305	34.27697	4009000	Xian
112.54311	37.87696	2913000	Taiyuan
114.26807	30.58198	7243000	Wuhan
112.96805	28.20192	2604000	Changsha
102.69744	25.04286	2931000	Kunming
113.66315	34.75694	2636000	Zhengzhou
123.44803	41.80692	4787000	Shenyeng
116.99307	36.67693	2798000	Jinan
117.19661	39.08277	7180000	Tianjin
115.87805	28.68194	2350000	Nanchang
118.77803	32.05197	3679000	Nanjing
120.16807	30.25192	3007000	Hangzhou
132.44097	34.38978	2045000	Hiroshima
125.33804	43.86695	3183000	Changchun
109.82007	40.65415	2036000	Baotou
126.64804	45.75193	3621000	Harbin
141.33810	43.07693	2544000	Sapporo
-69.92974	18.47075	2154000	Santo Domingo
-0.21866	5.55198	2121000	Accra
77.22806	28.67194	15926000	Delhi
78.47801	17.40193	6376000	Hyderabad
73.85189	18.51639	4672000	Pune
79.08805	21.17191	2454000	Nagpur
13.18001	32.89250	2189000	Tripoli
34.76807	32.08194	3112000	Tel Aviv
24.93246	60.16380	1115000	Helsinki
59.56805	36.27197	2469000	Mashhad
75.80804	26.92308	2917000	Jaipur
80.31805	26.46195	3162000	Kanpur
85.12809	25.62691	2158000	Patna
80.27805	13.09193	7163000	Chennai
72.57806	23.03200	5375000	Ahmedabad
72.83809	21.20193	3842000	Surat
12.56154	55.68051	1085000	København
-4.02021	5.32313	3802000	Abidjan
-48.48197	-1.44806	2167000	Belém
-47.91800	-15.78139	3716996	Brasília
-51.20196	-30.04807	3917000	Porto Alegre
-49.32194	-25.41807	3084000	Curitiba
-38.58193	-3.74807	3602319	Fortaleza
-38.48193	-12.96803	3484000	Salvador
-113.50193	53.55197	1058000	Edmonton
-73.58524	45.50194	3678000	Montréal
-49.30197	-16.71808	2022000	Goiânia
-34.90877	-8.06053	3651000	Recife
4.33137	50.83526	1743000	Brussels
90.40663	23.72501	12797394	Dhaka
13.23248	-8.83634	5172900	Luanda
3.04861	36.76501	3354000	Algiers
91.79802	22.33194	4529000	Chattogram
115.83805	-31.95307	1532000	Perth
96.16473	16.78530	4088000	Yangon
-122.39960	37.78426	3450000	San Francisco
-104.98596	39.74113	2313000	Denver
-95.34844	29.74127	4459000	Houston
-80.22605	25.78956	5585000	Miami
-84.36764	33.73946	4506000	Atlanta
-87.63524	41.84796	8990000	Chicago
-66.91898	10.50294	2985000	Caracas
30.51468	50.43531	2709000	Kyiv
55.28695	25.21491	1379000	Dubai
69.26882	41.30383	2184000	Tashkent
-3.68530	40.40197	5567000	Madrid
6.14003	46.21001	1240000	Geneva
18.06630	59.32413	1264000	Stockholm
100.51470	13.75194	6704000	Bangkok
-77.05201	-12.04607	8012000	Lima
-17.47508	14.71778	2604000	Dakar
28.02806	-26.16810	3435000	Johannesburg
4.91469	52.35191	1031000	Amsterdam
-7.61831	33.60192	3181000	Casablanca
126.99778	37.56829	9796000	Seoul
120.98027	14.60610	11100000	Manila
-100.33193	25.67194	3712000	Monterrey
13.39960	52.52376	3406000	Berlin
87.57306	43.80696	3575000	Ürümqi
104.06807	30.67195	4123000	Chengdu
135.50375	34.69109	11294000	Ōsaka
15.31303	-4.32778	7843000	Kinshasa
77.19998	28.60002	317797	New Delhi
77.55806	12.97194	6787000	Bengaluru
23.73137	37.98527	3242000	Athens
44.39192	33.34059	5054000	Baghdad
38.69806	9.03526	3100000	Addis Ababa
51.42240	35.67389	7873000	Tehran
-123.12359	49.27536	2313328	Vancouver
-79.38946	43.66465	5213000	Toronto
-58.43251	-34.61071	12795000	Buenos Aires
69.18131	34.51864	3277000	Kabul
16.36469	48.20196	2400000	Vienna
144.97307	-37.81809	4170000	Melbourne
121.56833	25.03583	6900273	Taipei
174.76303	-36.84806	1377200	Auckland
-118.23199	34.04922	12500000	Los Angeles
-77.01136	38.90149	4338000	Washington,  D.C.
-73.99572	40.72156	19040000	New York
-0.11867	51.50194	8567000	London
28.97428	41.01760	10061000	Istanbul
46.72049	24.63450	4465000	Riyadh
18.43304	-33.91806	3215000	Cape Town
37.61358	55.75411	10452000	Moscow
-99.13293	19.44439	19028000	Mexico City
3.38958	6.44521	9466000	Lagos
12.48131	41.89790	3339000	Rome
116.39420	39.90172	11106000	Beijing
36.81471	-1.28140	3010000	Nairobi
106.82749	-6.17247	9125000	Jakarta
-74.08529	4.59837	7772000	Bogota
31.24802	30.05191	11893000	Cairo
121.43456	31.21840	14987000	Shanghai
139.74946	35.68696	35676000	Tokyo
72.87584	19.06841	18978000	Mumbai
2.35299	48.85809	9904000	Paris
-70.65050	-33.44020	5720000	Santiago
88.36913	22.56958	14787000	Kolkata
-43.21212	-22.90731	11748000	Rio de Janeiro
-46.62697	-23.55673	18845000	São Paulo
151.21255	-33.87137	4630000	Sydney
103.85388	1.29498	5183700	Singapore
114.18306	22.30693	7206000	Hong Kong
